Title,Links,label
Times Now,https://www.timesnownews.com,0
TN Navbharat,https://www.timesnowhindi.com,0
Zoom,https://www.zoomtventertainment.com,0
ET Now,https://www.etnownews.com,0
Times Drive,https://www.timesdrive.in,0
Health and Me,https://www.healthandme.com,0
Digit,https://www.digit.in/,0
Marathi,https://marathi.timesnownews.com,0
Telugu,https://telugu.timesnownews.com/,0
Tamil,https://tamil.timesnownews.com/,0
Bengali,https://bengali.timesnownews.com,0
Kannada,https://kannada.timesnownews.com,0
ET Now Swadesh,https://www.etnownews.com/hindi,0
 ,https://www.timesnownews.com/,0
India,https://www.timesnownews.com/india,0
Cities ,https://www.timesnownews.com/city,0
Mumbai ,https://www.timesnownews.com/mumbai,0
Delhi ,https://www.timesnownews.com/delhi,0
Kolkata ,https://www.timesnownews.com/kolkata,0
Bengaluru ,https://www.timesnownews.com/bengaluru,0
Hyderabad ,https://www.timesnownews.com/hyderabad,0
Chennai ,https://www.timesnownews.com/chennai,0
Pune ,https://www.timesnownews.com/pune,0
Noida ,https://www.timesnownews.com/city/noida,0
Gurugram ,https://www.timesnownews.com/city/gurugram,0
Ghaziabad ,https://www.timesnownews.com/city/ghaziabad,0
Ahmedabad ,https://www.timesnownews.com/city/ahmedabad,0
Chandigarh ,https://www.timesnownews.com/city/chandigarh,0
Kochi ,https://www.timesnownews.com/city/kochi,0
Crime ,https://www.timesnownews.com/crime,0
" VIDEO: Passengers Get Angry As SpiceJet Cancels Delhi-Darbhanga Flight 5 Mins Before Boarding, Airline Responds",https://www.timesnownews.com/india/video-passengers-get-angry-as-spicejet-cancels-delhi-darbhanga-flight-5-mins-before-boarding-airline-responds-article-113355144,0
 Stones Thrown At Vande Bharat During Trial Run Ahead Of Its Flag-Off Ceremony In Chhattisgarh,https://www.timesnownews.com/india/stones-thrown-at-vande-bharat-during-trial-run-ahead-of-its-flag-off-ceremony-in-chhattisgarh-article-113354099,0
" Breaking News: CBI Arrests Sandip Ghosh, Kolkata Police SHO In RG Kar Rape-Murder Case",https://www.timesnownews.com/india/cbi-arrests-sandip-ghosh-kolkata-police-sho-in-rg-kar-rape-murder-case-article-113354397,0
" Deadlock Continues As Doctors Firm On Live Stream Demand, Mamata Banerjee Says 'Can't Keep Insulting Me'",https://www.timesnownews.com/india/deadlock-continues-as-doctors-firm-on-livestream-demand-mamata-banerjee-says-cant-keep-insulting-me-article-113354068,0
 How Zorawar Tanks Will Enhance Army's Combat Capabilities In Mountains | VIDEO,https://www.timesnownews.com/india/how-zorawar-tanks-will-enhance-armys-combat-capabilities-in-mountains-video-article-113353117,0
"'No Live Streaming, No Meeting': Junior Doctors' Dialogue With Mamata Banerjee Hits Roadblock",https://www.timesnownews.com/india/no-live-streaming-no-meeting-junior-doctors-dialogue-with-mamata-banerjee-hits-roadblock-article-113353279,0
Rajasthan: 'Army Man' Seeks Sexual Favours To Pass NCC Aspirant In Test,https://www.timesnownews.com/india/rajasthan-army-man-seeks-sexual-favours-to-pass-ncc-aspirant-in-test-article-113351826,0
"Uttar Pradesh: Building Collapses In Meerut's Zakir Colony, Over 8 Trapped; Rescue Underway",https://www.timesnownews.com/india/uttar-pradesh-building-collapses-in-meeruts-zakir-colony-over-8-trapped-rescue-underway-article-113353092,1
RG Kar Victim's Mother Firm On 5-Point Demand As Doctors Meet Mamata Banerjee To Resolve Crisis,https://www.timesnownews.com/india/rg-kar-victims-mother-firm-on-5-point-demand-as-doctors-meet-mamata-banerjee-to-resolve-crisis-article-113352289,0
Will Arvind Kejriwal's Bail Conditions Impact Governance In Delhi? What AAP Said,https://www.timesnownews.com/india/will-arvind-kejriwals-bail-conditions-impact-governance-in-delhi-what-aap-said-article-113351596,0
Mamata Banerjee-Doctors Key Meeting At CM Residence: Will RG Kar Hospital Impasse Finally End?,https://www.timesnownews.com/india/mamata-banerjee-to-meet-doctors-today-will-rg-kar-hospital-impasse-finally-end-article-113350929,0
"West Bengal: 65-Year-Old Woman Dies After Mud House Collapses In Bankura, 6 Injured",https://www.timesnownews.com/india/west-bengal-65-year-old-woman-dies-after-mud-house-collapses-in-bankura-6-injured-article-113350400,0
'Congress India's Most Dishonest Party': PM Modi Kicks Off BJP's Haryana Campaign With Kurukshetra Rally - TOP QUOTES,https://www.timesnownews.com/india/pm-modi-kicks-off-bjps-campaign-in-haryana-with-kurukshetra-rally-hits-out-at-congress-top-quotes-article-113350228,0
Who Was Tika Lal Taploo Mentioned By PM Modi In Doda & Why BJP Has Named Scheme For KPs After Him,https://www.timesnownews.com/india/who-was-tika-lal-taploo-mentioned-by-pm-modi-in-doda-why-bjp-has-named-scheme-for-kps-after-him-article-113349213,0
"Gyanvapi Is 'Vishwanath' Himself, Unfortunate That People Call It Mosque Today: Yogi Adityanath",https://www.timesnownews.com/india/gyanvapi-is-vishwanath-himself-unfortunate-that-people-call-it-mosque-today-yogi-adityanath-article-113348425,0
Cities,https://www.timesnownews.com/city,0
 ED Arrests Gurugram Residents for Taking Illegal Possession of Property,https://www.timesnownews.com/city/gurugram/ed-arrests-gurugram-residents-for-taking-illegal-possession-of-property-article-113353631,0
" PM Modi's Ahmedabad Visit: City's Several Routes Diverted On Monday, Check Full Advisory",https://www.timesnownews.com/city/ahmedabad/pm-modis-ahmedabad-visit-citys-several-routes-diverted-on-monday-check-full-advisory-article-113350547,0
" 8 Drown During Ganesh Idol Immersion Near Ahmedabad, PM Modi Announces Rs 2 Lakh Ex Gratia",https://www.timesnownews.com/city/ahmedabad/8-drown-during-ganesh-idol-immersion-near-ahmedabad-pm-modi-announces-rs-2-lakh-ex-gratia-article-113347663,0
" Civic Apathy Kills Again, 2 Men Die In Faridabad After Their SUV Sinks In Waterlogged Underpass",https://www.timesnownews.com/city/civic-apathy-kills-again-2-men-die-in-faridabad-after-their-suv-submerges-in-waterlogged-underpass-article-113341645,0
 Noida: How A 44-Yr-Old Duped Of Rs 27 Lakh In SIM Card 'Hacking'; Here's The Major Mistake,https://www.timesnownews.com/city/noida/how-a-44-yr-old-duped-of-rs-27-lakh-in-sim-card-hacking-heres-the-major-mistake-article-113342476,0
"Ghaziabad Man, Minor Partner Thrashed For 'Mixing' Urine With Juice, Detained",https://www.timesnownews.com/city/ghaziabad/ghaziabad-man-minor-partner-thrashed-for-mixing-urine-with-juice-detained-article-113340328,0
"Chandigarh Grenade Attack's Main Perpetrator Arrested, Admits Role In Blast: Punjab Top Cop",https://www.timesnownews.com/city/chandigarh/chandigarh-grenade-attacks-main-perpetrator-arrested-admits-role-in-blast-punjab-top-cop-article-113312885,0
"'Tried To Catch Him', 'I Was Panicked': Owners Of Chandigarh House Where Attackers Threw Grenade",https://www.timesnownews.com/city/chandigarh/owners-of-chandigarh-house-where-attackers-threw-grenade-say-i-tried-to-catch-him-i-was-panicked-article-113300464,0
"Kochi Has 95 pc Pending Cases Of Crimes Against Women, And A Worse Conviction Rate: Report",https://www.timesnownews.com/city/kochi/kochi-has-95-pc-pending-cases-of-crimes-against-women-and-a-worse-conviction-rate-article-113299216,0
Ahmedabad-Based Firm To Invest Rs 200 Cr For 100 Cervical Cancer Screening Labs Across Country,https://www.timesnownews.com/city/ahmedabad/ahmedabad-based-firm-to-invest-rs-200-cr-for-100-cervical-cancer-screening-labs-across-country-article-113294430,0
"6-Year-Old Noida Student 'Inappropriately' Touched, Parents Protest  At School: VIDEO",https://www.timesnownews.com/city/noida/6-year-old-noida-student-inappropriately-touched-parents-protest-at-school-video-article-113293902,0
Gurugram Civic Body Is Yet To Acquire Land It Was Allotted 8 Years Ago For A Cultural Complex,https://www.timesnownews.com/city/gurugram/gurugram-civic-body-is-yet-to-acquire-land-it-was-allotted-8-years-ago-for-a-cultural-complex-article-113292293,0
Yamuna Expressway Authority To Launch Residential Plots Scheme This Navratri; Check Location & Prices,https://www.timesnownews.com/city/noida/yamuna-expressway-authority-to-launch-residential-plots-scheme-this-navratri-near-noida-airport-checkprices-article-113286658,0
US-Based Gangster Claims Responsibility For Chandigarh Attack Targeting An Ex-Punjab Cop,https://www.timesnownews.com/city/chandigarh/chandigarh-grenade-attack-nikodar-killing-us-based-gangster-harpreet-singh-claims-responsibility-targeting-an-ex-punjab-cop-khalistan-terrorist-harinder-singh-rinda-article-113285610,0
Caught On Cam: Chandigarh House Hit By Suspected Grenade Blast,https://www.timesnownews.com/city/chandigarh/caught-on-cam-chandigarh-house-hit-by-suspected-grenade-blast-article-113266361,0
Mumbai,https://www.timesnownews.com/mumbai,0
 Don’t Miss Out: 5 Iconic Ganesh Pandals In Mumbai To Visit Before The Festival Ends-IN PICS,https://www.timesnownews.com/mumbai/dont-miss-out-5-iconic-ganesh-pandals-in-mumbai-to-visit-before-the-festival-ends-in-pics-article-113345921,0
" Mumbai Lawyer Made To Undress, Stand Naked By Fake Cops Who Planned To Blackmail Her",https://www.timesnownews.com/mumbai/mumbai-lawyer-made-to-undress-stand-naked-by-fake-cops-who-planned-to-blackmail-her-article-113342957,0
 Eid-e-Milad Government Holiday In Mumbai Rescheduled From 16 To 18 September,https://www.timesnownews.com/mumbai/eid-e-milad-government-holiday-in-mumbai-rescheduled-from-16-to-18-september-article-113340376,0
 Fire Breaks Out In A Building In Mumbai's Ghatkopar; 13 Injured,https://www.timesnownews.com/mumbai/fire-breaks-out-in-a-building-in-mumbais-ghatkopar-13-injured-article-113339592,0
" Have Weekend Plans? Mumbaikars, Check The Weather Forecast Before You Step Out!",https://www.timesnownews.com/mumbai/mumbai-weather-light-rain-likely-today-imd-forecasts-week-long-showers-article-113338309,0
"Big Change Soon on India's Busiest Air Route, Delhi-Mumbai-Delhi: Report",https://www.timesnownews.com/delhi/big-change-soon-on-indias-busiest-air-route-delhi-mumbai-delhi-report-article-113329286,0
"Woman Held In Hyderabad For Sending Indians To Cambodia, Where They Were Tortured And...",https://www.timesnownews.com/hyderabad/woman-held-in-hyderabad-for-sending-indians-to-cambodia-where-they-were-tortured-and-article-113327358,0
Mumbai-Phuket IndiGo Flight Diverted To Penang In Malaysia Due To Bad Weather,https://www.timesnownews.com/mumbai/mumbai-phuket-indigo-flight-diverted-to-penang-in-malaysia-due-to-bad-weather-article-113327791,0
"Super-Fast AC Bus Services Starts In Navi Mumbai Via Atal Setu; Check Routes, Prices And Timings",https://www.timesnownews.com/mumbai/super-fast-ac-bus-services-starts-in-navi-mumbai-via-atal-setu-check-routes-prices-and-timings-article-113297568,0
"Woman Dies After Fire Breaks Out On 9th Floor Of Mumbai Apartment, Ops Underway To Douse Flames",https://www.timesnownews.com/mumbai/woman-dies-after-fire-breaks-out-9th-floor-of-mumbai-apartment-ops-on-to-douse-flames-article-113320700,0
"In Just 10 Minutes, Travel Time From Bandra To Marine Drive Cut Short",https://www.timesnownews.com/mumbai/in-just-10-minutes-travel-time-from-bandra-to-marine-drive-cut-short-article-113317693,0
Mumbai-Based Artist Creates 'Ardhnareshwar' Ganesh Idol Out Of Chocolate,https://www.timesnownews.com/mumbai/mumbai-based-artist-creates-ardhnareshwar-ganesh-idol-out-of-chocolate-article-113313943,0
7th Vande Bharat Train For Mumbai? To Connect THESE 2 Cities,https://www.timesnownews.com/mumbai/7th-vande-bharat-train-for-mumbai-to-connect-these-2-cities-article-113309322,0
"Mumbai To Receive Light Rain Today, Continuous Downpour Expected Ahead",https://www.timesnownews.com/mumbai/mumbai-city-to-receive-light-rain-today-continuous-downpour-expected-ahead-article-113306701,0
"Gas Leak At Chemical Factory In Thane's Ambarnath Leaves Residents With Itchy Eyes, Throat Irritation- VIDEO",https://www.timesnownews.com/mumbai/breaking-news-gas-leak-at-maharashtra-chemical-factory-in-morivali-midc-thane-ambarnath-article-113301402,0
Delhi,https://www.timesnownews.com/delhi,0
 Man Shot Dead in East Delhi's Geeta Colony,https://www.timesnownews.com/delhi/man-shot-dead-in-east-delhis-geeta-colony-article-113352209,0
 Delhi Traffic Police Issues Advisory In View Of 'Rath Yatra' On Saturday- Check Alternative Routes,https://www.timesnownews.com/delhi/delhi-traffic-police-issues-advisory-in-view-of-rath-yatra-on-saturday-check-alternative-routes-article-113350240,0
 Will Pacific Cyclone Yagi Bring More Rainfall to Delhi Next Week?,https://www.timesnownews.com/delhi/will-cyclone-yagi-storm-that-wreaked-havoc-in-vietnam-bring-more-rain-in-delhi-article-113346652,1
 'Caused Air Pollution': AAP Workers Booked For Bursting Crackers On Kejriwal's Release Despite Ban,https://www.timesnownews.com/delhi/caused-air-pollution-aap-workers-booked-for-bursting-crackers-on-kejriwals-release-despite-ban-article-113345996,0
 Arvind Kejriwal's First Outing With Wife After Walking Out Of Jail: CP's Hanuman Mandir | Visuals,https://www.timesnownews.com/delhi/arvind-kejriwals-first-outing-with-wife-after-walking-out-of-jail-cps-hanuman-mandir-visuals-article-113343621,0
Cremation Grounds In Delhi To Now Have Uniform Rates -  Check New Prices,https://www.timesnownews.com/delhi/cremation-grounds-in-delhi-to-now-have-uniform-rates-check-new-prices-article-113340031,0
Delhi Woman Murdered By Husband Because She Was More Active On Social Media,https://www.timesnownews.com/crime/delhi-woman-murdered-by-husband-because-she-was-more-active-on-social-media-article-113341154,0
Delhi Air Hits Year's Best As City Crosses 1000mm Rainfall In 2024: Check Today's Weather,https://www.timesnownews.com/delhi/delhi-weather-drizzling-makes-morning-pleasant-no-rain-for-3-days-check-forecast-article-113339021,0
"Delhi, Get Ready For A 'Theme-Based Walk Festival' This October; Details Inside",https://www.timesnownews.com/delhi/delhi-get-ready-for-a-theme-based-walk-festival-this-october-details-inside-article-113330562,0
"Big Change Soon on India's Busiest Air Route, Delhi-Mumbai-Delhi: Report",https://www.timesnownews.com/delhi/big-change-soon-on-indias-busiest-air-route-delhi-mumbai-delhi-report-article-113329286,0
'If Hindus Can't Celebrate...': BJP Attacks AAP For Bursting Firecrackers On Kejriwal's Release Despite Ban,https://www.timesnownews.com/delhi/if-hindus-cant-celebrate-bjp-attacks-aap-for-bursting-firecrackers-on-kejriwals-release-despite-ban-article-113329597,0
Delhi Metro Breaks Passenger Journeys' Record 17 Times In A Month,https://www.timesnownews.com/delhi/delhi-metro-dmrc-breaks-passenger-journeys-record-17-times-in-a-month-august-september-2024-article-113328191,0
"Delhi Coaching Centre Deaths: 4 Co-Owners Of Basement, Where 3 IAS Aspirants Died, Get Bail",https://www.timesnownews.com/delhi/breaking-news-delhi-coaching-centre-deaths-4-co-owners-of-basement-where-3-ias-aspirants-died-get-bail-article-113324927,0
Delhi's Rainy Destiny: Why Is National Capital Receiving So Much Rainfall?,https://www.timesnownews.com/delhi/delhi-rain-delhis-rainy-destiny-why-is-national-capital-receiving-so-much-rainfall-article-113321183,0
"Going Towards Mundka, Dhaula Kuan? Check THESE Traffic Diversions Amid Waterlogging In Delhi",https://www.timesnownews.com/delhi/going-towards-mundka-dhaula-kuan-check-these-traffic-diversions-amid-waterlogging-in-city-article-113322780,0
Kolkata,https://www.timesnownews.com/kolkata,0
" 1 Injured In Blast In Kolkata Near SN Banerjee Road, Bomb Disposal Squad On Site",https://www.timesnownews.com/kolkata/1-injured-in-blast-in-kolkata-near-sn-banerjee-road-bomb-disposal-squad-on-site-article-113348994,0
 Conspiracy Against Protesting Doctors? Audio Clip Helps Kolkata Police Prevent Big Attack,https://www.timesnownews.com/kolkata/conspiracy-against-protesting-doctors-audio-clip-helps-kolkata-police-prevent-big-attack-article-113343434,0
" 'Was Worried All Night, Request You...': Mamata Vs Doctors' Deadlock To End? CM Meets Protesting Medics",https://www.timesnownews.com/kolkata/watch-mamata-vs-doctors-deadlock-to-end-cm-reaches-swasthya-bhawan-to-meet-protesting-medics-article-113344728,0
 Kolkata Court Rejects CBI's Request of Narco Test on Rape-Murder Accused Sanjay Roy,https://www.timesnownews.com/kolkata/breaking-news-kolkata-court-rejects-cbis-request-of-narco-test-on-rape-murder-accused-sanjay-roy-article-113324122,0
 'Don't Fell Trees From Today' For Kolkata's Joka-Esplanade Metro Project: Supreme Court,https://www.timesnownews.com/kolkata/dont-fell-trees-from-today-for-kolkata-metro-project-supreme-court-on-16-km-long-joka-esplanade-article-113322033,0
"Never Sought Mamata's Resignation: Doctors' Protest Continues After Talks Fail, Blame Bengal Govt",https://www.timesnownews.com/kolkata/never-sought-mamatas-resignation-doctors-protest-continues-after-talks-fail-blame-bengal-govt-article-113306723,0
'Waited For 2 Hours' For Doctors: Mamata Says 'Will Forgive' Them For Not Showing Up For Meeting,https://www.timesnownews.com/kolkata/kolkata-rape-murder-cm-mamata-banerjee-says-will-forgive-protesting-doctors-for-not-showing-up-for-meeting-waited-for-2-hours-article-113297354,0
Kolkata Man Cancels Vacation As Airline Did Not Approve Cat's Travel: 'Michu Has Always...',https://www.timesnownews.com/kolkata/kolkata-man-cancels-vacation-as-airline-did-not-approve-cats-travel-michu-has-always-article-113295944,0
"Suspicious Bag Found Near Kolkata's RG Kar Hospital At Protest Site, Bomb Squad Team Present",https://www.timesnownews.com/kolkata/breaking-news-suspicious-bag-found-at-kolkatas-rg-kar-hospital-near-protest-site-bomb-squad-team-present-article-113286519,0
"ED Raids Sandeep Ghosh's Residence, Other Key Sites In RG Kar Medical College Financial Fraud Case",https://www.timesnownews.com/kolkata/ed-raids-sandeep-ghoshs-residence-other-key-sites-in-rg-kar-medical-college-financial-fraud-case-article-113281009,0
"30-Member Delegation, Live Broadcast: What Doctors Demanded For Talks With Mamata Banerjee",https://www.timesnownews.com/kolkata/30-member-delegation-live-broadcast-what-doctors-demanded-for-talks-with-mamata-banerjee-article-113265112,0
"WB Govt Invites Protesting Junior Doctors For Discussion, Limits Delegation To 15 Members",https://www.timesnownews.com/india/kolkata-rape-case-west-bengal-government-invites-protesting-junior-doctors-for-discussion-limits-delegation-to-15-members-article-113258064,0
"Kolkata Sees Rallies By Students, Clay Modellers And Others, Victim's Mother Calls Medics Her Children",https://www.timesnownews.com/kolkata/kolkata-sees-rallies-by-students-clay-modellers-and-others-victim-mother-calls-protesting-medics-her-children-rg-kar-medical-article-113170905,0
"Sandip Ghosh's Web Of Corruption At RG Kar Hospital, CBI Probing Fake Recruitment, Tendering Process",https://www.timesnownews.com/kolkata/sandip-ghoshs-web-of-corruption-at-rg-kar-hospital-rape-murder-cbi-probing-fake-recruitment-tendering-process-article-113169786,0
'All Have Mothers And Sisters': Kolkata Rickshaw Pullers On Streets Against Doctor's Rape-Murder,https://www.timesnownews.com/kolkata/kolkata-rickshaw-pullers-on-streets-against-trainee-doctors-rape-murder-all-have-mothers-and-sisters-article-113169542,0
Bengaluru,https://www.timesnownews.com/bengaluru,0
" Liquor Ban In Parts Of Bengaluru In View Of Ganesha Idol Immersion, Check Dates, timings",https://www.timesnownews.com/bengaluru/liquor-ban-in-parts-of-bengaluru-in-view-of-ganesha-idol-immersion-check-dates-timings-article-113354914,0
 Bengaluru Contractor Alleges Threat From BJP MLA: 'What Happened To Renukaswamy Will Happen To You',https://www.timesnownews.com/bengaluru/bengaluru-contractor-what-happened-to-renukaswamy-will-happen-to-you-alleges-threat-from-bjp-mla-munirathna-article-113351551,0
 50 Dalit Families Near Bengaluru Paying Price For Sexual Assault Case Against Upper Caste Man,https://www.timesnownews.com/bengaluru/50-dalit-families-near-bengaluru-paying-price-for-sexual-assault-case-posco-against-upper-caste-man-article-113347342,0
" Bengaluru Woman Comes To Know About Married Daughter's Affair And Asks Her To Stop, Gets Killed",https://www.timesnownews.com/bengaluru/bengaluru-news-woman-comes-to-know-about-married-daughters-affair-and-asks-her-to-stop-gets-killed-article-113345937,0
" Bengaluru Eid-e-Milad: Vehicles Restricted On Several Procession Routes, Check Full Advisory",https://www.timesnownews.com/bengaluru/bengaluru-eid-e-milad-vehicles-restricted-on-several-procession-routes-check-full-advisory-article-113344443,0
‘I Will Rape and Kill You': Woman Shares Horror She Faced In Bengaluru,https://www.timesnownews.com/bengaluru/i-will-rape-and-kill-you-woman-shares-horror-she-faced-in-bengaluru-article-113328560,0
"Bengaluru CGST Officials, Arrested By Police, Now Suspended Over Rs 1.5 Cr Extortion Charges",https://www.timesnownews.com/bengaluru/bengaluru-cgst-officials-arrested-by-police-now-suspended-over-rs-1-5-cr-extortion-charges-article-113326036,0
"Bengaluru, Already Suffering Traffic Woes, Now Faces Train Set Shortage",https://www.timesnownews.com/bengaluru/bengaluru-already-suffering-traffic-woes-now-faces-train-set-shortage-article-113320137,0
'This Is AI Generated': Bengaluru In Disbelief Over Video Showing No Traffic At Silk Board Junction,https://www.timesnownews.com/bengaluru/this-is-ai-generated-bengaluru-in-disbelief-over-video-showing-no-traffic-at-silk-board-junction-article-113308938,0
Bengaluru Metro Stations Up For Big Change? Firm Commits Over Rs 100 Cr For Development: Report,https://www.timesnownews.com/bengaluru/big-development-of-bengalurus-metro-stations-on-cards-firm-commits-over-rs-100-cr-investment-report-article-113299884,0
'What If...': Bengaluru Working Women Talk About 'Danger After Dark' | SafeHer,https://www.timesnownews.com/bengaluru/what-if-bengaluru-working-women-talk-about-danger-after-dark-safeher-article-113293092,0
Bengaluru Doctors Puzzled Over Dengue-Like Fever in Kids Delaying Diagnosis,https://www.timesnownews.com/bengaluru/bangalore-children-fever-case-bengaluru-doctors-puzzled-over-dengue-like-fever-in-kids-delaying-diagnosis-article-113288534,0
"'Shorts Not Allowed In Bangalore?': Elderly Woman Insults Influencer For Her Attire, Sparks Debate",https://www.timesnownews.com/bengaluru/shorts-not-allowed-in-bangalore-elderly-woman-insults-influencer-for-her-attire-sparks-debate-article-113281878,0
"Bengaluru, Clear Your Property Taxes Under One-Time Settlement Scheme By THIS Month; How Does OTS Help You?",https://www.timesnownews.com/bengaluru/bengaluru-clear-your-property-taxes-under-one-time-settlement-scheme-by-this-month-how-does-ots-help-you-article-113279868,0
"Bengaluru: 3 BSC Students, Out On Joyride, Killed In Hit-and-Run Accident On Airport Road",https://www.timesnownews.com/bengaluru/bengaluru-3-bsc-students-die-in-brutal-hit-and-run-accident-on-airport-road-article-113277916,0
Hyderabad,https://www.timesnownews.com/hyderabad,0
 Woman Crushed To Death As State-Run RTC Bus Runs Over Her In Hyderabad: VIDEO,https://www.timesnownews.com/hyderabad/woman-crushed-to-death-as-state-run-rtc-bus-runs-over-her-in-hyderabad-video-article-113349577,0
" Hyderabad Weather: Light Rain Likely Today, With Continuous Showers Expected Ahead",https://www.timesnownews.com/hyderabad/hyderabad-weather-light-rain-likely-today-with-continuous-showers-expected-ahead-article-113338629,0
" Woman Held In Hyderabad For Sending Indians To Cambodia, Where They Were Tortured And...",https://www.timesnownews.com/hyderabad/woman-held-in-hyderabad-for-sending-indians-to-cambodia-where-they-were-tortured-and-article-113327358,0
" Hyderabad Commission Asks IndiGo To Refund Rs 4.14 Lakh To Flyer, Plus Rs 1,47 Lakh Because...",https://www.timesnownews.com/hyderabad/hyderabad-commission-asks-indigo-to-refund-rs-4-14-lakh-to-flyer-plus-rs-147-lakh-because-article-113287422,0
" VIDEO: Patient Grabs Female Doctor's Apron, Attacks Her At Hyderabad's Gandhi Hospital",https://www.timesnownews.com/hyderabad/video-patient-grabs-female-doctors-apron-attacks-her-at-hyderabads-gandhi-hospital-article-113279103,0
No Immersion of PoP Ganesha Idols in Hyderabad's Hussain Sagar; Check Where to Perform the Rituals,https://www.timesnownews.com/hyderabad/hyderabad-ganapati-2024-no-immersion-of-pop-s-ganesha-idols-in-hyderabads-hussain-sagar-check-where-you-can-follow-rituals-article-113252403,0
Hyderabad: Traffic Advisory Issued In View Of Ganesh Immersion Processions-Details Inside,https://www.timesnownews.com/hyderabad/hyderabad-traffic-advisory-issued-in-view-of-ganesh-immersion-processions-details-inside-article-113236208,0
"3 Young Men Gangrape Class 9 Student, Impregnate Her in Telangana's Siddipet ​​",https://www.timesnownews.com/crime/3-young-men-gangrape-class-9-student-impregnate-her-in-telanganas-siddipet-article-113214031,0
CM Revanth Reddy Accelerates 'Pharma City' Near Hyderabad: What Is The Project About?,https://www.timesnownews.com/hyderabad/cm-revanth-reddy-accelerates-pharma-city-near-hyderabad-what-is-the-projects-aim-article-113210000,0
How A Gang Used UPI To Dupe Hyderabad Electronics Chain Of Rs 4 Crore,https://www.timesnownews.com/hyderabad/how-a-gang-used-upi-to-dupe-hyderabad-electronics-chain-of-rs-4-crore-article-113198055,0
"Girl Trapped, Sexually Assaulted for 20 Days in Hyderabad Hotel by Online Friend",https://www.timesnownews.com/hyderabad/girl-trapped-sexually-assaulted-for-20-days-in-hyderabad-hotel-by-online-friend-article-113179863,0
Fire Breaks Out at Plywood Shop in Hyderabad's Mahadevapuram-VIDEO,https://www.timesnownews.com/hyderabad/fire-breaks-out-at-plywood-shop-in-hyderabads-mahadevapuram-video-article-113180646,0
Hyderabad On Yellow Alert As IMD Issues Very Heavy Rain Alert In Parts Of Telangana Till...,https://www.timesnownews.com/hyderabad/hyderabd-weather-today-city-yellow-alert-as-imd-issues-very-heavy-rain-in-parts-of-telangana-till-article-113178225,0
"Hyderabad Sees Fresh Rain, Showers Likely To Continue For Next Few Hours: Check Details",https://www.timesnownews.com/hyderabad/hyderabad-sees-fresh-rain-showers-likely-to-continue-for-next-few-hours-check-details-article-113167891,0
"WATCH: HYDRA Continues Demolishing Drive, Razes Building In Hyderabad",https://www.timesnownews.com/hyderabad/hydraa-demolishes-under-construction-building-in-hyderabad-video-article-113165321,0
Chennai,https://www.timesnownews.com/chennai,0
 Chennai Sees 'Dark' Night As Fire At Manali Substation Leaves City Without Electricity,https://www.timesnownews.com/chennai/chennai-sees-dark-night-as-fire-at-manali-substation-leaves-city-without-electricity-article-113301847,0
 Power Cut In Chennai On September 13; Check List Of Areas Affected,https://www.timesnownews.com/chennai/power-cut-in-chennai-on-september-13-check-list-of-areas-affected-article-113290122,0
" Bomb Threat Email Sent To Anna University MIT's Campus Near Chennai, Authority On Alert",https://www.timesnownews.com/chennai/bomb-threat-email-sent-to-anna-university-mits-campus-authority-on-alert-article-113282794,0
 Chennai: Power Cut Announced In THESE Areas On September 12-Check Details,https://www.timesnownews.com/chennai/chennai-power-cut-announced-in-these-areas-on-september-12-check-details-article-113261561,0
 Chennai: LuLu Hypermarket To Open At THESE Metro Stations-Details,https://www.timesnownews.com/chennai/chennai-lulu-hypermarket-to-open-at-these-metro-stations-details-article-113255224,0
Chennai: Power Supply To Be Suspended In THESE Areas On September 11-Details,https://www.timesnownews.com/chennai/chennai-power-supply-to-be-suspended-in-these-areas-on-september-11-details-article-113232589,0
IAF Helicopter Makes Emergency Landing On Paddy Field Due To Technical Snag,https://www.timesnownews.com/chennai/iaf-helicopter-makes-emergency-landing-on-paddy-field-near-porpandal-due-to-technical-snag-article-113201005,1
Chennai: Several Parts Of City To Face Power Cuts On September 10-Check List of Affected Areas,https://www.timesnownews.com/chennai/chennai-several-parts-of-city-to-face-power-cuts-on-september-10-check-list-of-affected-areas-article-113192193,0
Saudia Airlines Confirms Chennai To Jeddah Flight Services Thrice A Week; Check Launching Date,https://www.timesnownews.com/chennai/saudia-airlines-confirm-chennai-to-jeddah-flight-services-thrice-a-week-check-launching-date-article-113184461,0
VIDEO: Actor Vishal Arrives On Bicycle To Attend Artist Association Meeting In Chennai,https://www.timesnownews.com/chennai/video-actor-vishal-arrives-on-bicycle-to-attend-artist-association-meeting-in-chennai-article-113165512,0
"Spiritual Speaker Maha Vishnu, Who Spoke Of Rebirth And Karma In Chennai, Sent To 14-Day Judicial Custody",https://www.timesnownews.com/chennai/breaking-news-spiritual-speaker-maha-vishnu-chennai-police-who-spoke-of-rebirth-and-karma-sent-to-14-day-judicial-custody-article-113153778,0
Ayodhya Ram Mandir In Chennai? Unmissable Photos On Ganesh Chaturthi,https://www.timesnownews.com/chennai/ayodhya-ram-mandir-in-chennai-unmissable-photos-on-ganesh-chaturthi-article-113153202,0
"In Chennai Schools, Maha Vishnu Talked About Rebirth, Mantras To Bring Firestorms And Teleport",https://www.timesnownews.com/chennai/in-chennai-schools-spiritual-speaker-maha-vishnu-talked-about-mantras-to-bring-firestorms-and-teleport-article-113147646,1
"Special Festival Trains To Run On Shalimar-Chennai Central Route, Check Schedule And Booking Info",https://www.timesnownews.com/chennai/special-durga-puja-diwali-chhath-trains-to-run-on-shalimar-chennai-central-route-check-schedule-and-booking-info-article-113127366,0
IMD Issues Yellow Alert Amid Incessant Rainfall In Chennai; Check 7-Day Forecast,https://www.timesnownews.com/chennai/imd-issues-yellow-alert-amid-incessant-rainfall-in-chennai-check-7-day-forecast-article-113120557,0
Pune,https://www.timesnownews.com/pune,0
" Scammer Threatens Pune Man with Arrest in Fake Drug Parcel Case, Cheats Him of Rs 1.26 Crores",https://www.timesnownews.com/pune/scammer-threatens-pune-man-with-arrest-in-fake-drug-parcel-case-cheats-him-of-rs-1-26-crores-article-113353065,0
 Pune: Planning To Head Out Today? Check The Weather Forecast First,https://www.timesnownews.com/pune/pune-rains-planning-to-head-out-today-check-the-imd-weather-forecast-first-article-113306940,0
 'It's Heart Of Pune': SC Stays NGT Order Capping 'Dhol-Tasha' Performers To 30 For Ganesh Chaturthi,https://www.timesnownews.com/pune/supreme-court-stays-ngt-order-capping-number-of-performers-during-ganeshotsav-let-them-do-dhol-tasha-article-113288595,0
" Punekars, Prepare for Heavy Rainfall for Next 2 Days in City; Check IMD Prediction Here",https://www.timesnownews.com/pune/punekars-prepare-for-heavy-rainfall-for-next-2-days-in-city-check-imd-prediction-here-article-113274606,0
 India's First Green Hydrogen Valley Project To Be Set Up In Pune-Details,https://www.timesnownews.com/pune/indias-first-green-hydrogen-valley-project-to-be-set-up-in-pune-details-article-113256288,0
"Pune On Yellow Alert, IMD Predicts Continuous Rainfall Till Sep 16- Full Forecast Inside",https://www.timesnownews.com/pune/pune-on-yellow-alert-imd-predicts-continuous-rainfall-till-sep-16-full-forecast-inside-article-113243914,0
Ganeshotsav 2024: Pune Traffic Police Designate 27 Parking Locations For Devotees; Check Areas,https://www.timesnownews.com/pune/ganeshotsav-2024-pune-traffic-police-designate-27-parking-locations-for-devotees-check-areas-article-113226524,0
Pune-Shirur Road To Be Connected To Samruddhi Expressway-Key Details Inside,https://www.timesnownews.com/pune/pune-shirur-road-to-be-connected-to-samruddhi-expressway-key-details-inside-article-113223601,0
PM Modi Set To Flag Off Vande Bharat Express From Hubli To Pune On September 15; Check Train Timings,https://www.timesnownews.com/pune/pm-modi-set-to-flag-off-vande-bharat-express-from-hubli-to-pune-on-september-15-check-train-timings-article-113222640,0
"PM Modi To Inaugurate Pune-Nagpur Vande Bharat Express On September 15, Details Inside",https://www.timesnownews.com/pune/pm-modi-to-inaugurate-pune-nagpur-vande-bharat-express-on-september-15-details-inside-article-113210200,0
Pune Set for Light Rain in Monsoon's Last Leg; Khadakwasla Dam Releases Significantly More Water Than Last Year,https://www.timesnownews.com/pune/pune-weather-today-pune-set-for-light-rain-in-monsoons-last-leg-khadakwasla-dam-releases-significantly-more-water-than-last-year-article-113177646,0
'Shikhandi': Maharashtra's 1st Transgender Dhol Group Performs At Ganesh Chaturthi Celebration In Pune - WATCH,https://www.timesnownews.com/pune/shikhandi-maharashtras-1st-transgender-dhol-group-performs-at-ganesh-chaturthi-celebration-in-pune-watch-article-113144925,0
"Watch: Denied Food, Truck Driver Rams Vehicle Into Pune Hotel, Vehicles Parked At Premises",https://www.timesnownews.com/pune/video-pune-restaurant-denies-food-angry-driver-rams-into-outlet-customers-vehicles-on-premise-article-113142851,0
"Pune’s Rainfall Exceeds Quota, Dams are Full and More Rain Expected; Experts See it Positively—Why?",https://www.timesnownews.com/pune/punes-rainfall-exceeds-quota-dams-are-full-and-more-rain-expected-experts-see-it-positivelywhy-article-113109364,0
'Will Take Action Against Illegal Stalls': Pune Civic Body Issues Notice To 226 Ganesh Idol Sellers,https://www.timesnownews.com/pune/will-take-action-against-illegal-stalls-pune-civic-body-issues-notice-to-226-ganesh-idol-sellers-article-113051499,0
Noida,https://www.timesnownews.com/city/noida,0
 Noida: How A 44-Yr-Old Duped Of Rs 27 Lakh In SIM Card 'Hacking'; Here's The Major Mistake,https://www.timesnownews.com/city/noida/how-a-44-yr-old-duped-of-rs-27-lakh-in-sim-card-hacking-heres-the-major-mistake-article-113342476,0
" 6-Year-Old Noida Student 'Inappropriately' Touched, Parents Protest  At School: VIDEO",https://www.timesnownews.com/city/noida/6-year-old-noida-student-inappropriately-touched-parents-protest-at-school-video-article-113293902,0
 Yamuna Expressway Authority To Launch Residential Plots Scheme This Navratri; Check Location & Prices,https://www.timesnownews.com/city/noida/yamuna-expressway-authority-to-launch-residential-plots-scheme-this-navratri-near-noida-airport-checkprices-article-113286658,0
" Heavy Rainfall Leaves Noida Streets Waterlogged, Traffic Affected—VIDEO",https://www.timesnownews.com/city/noida/heavy-rainfall-leaves-noida-streets-waterlogged-traffic-affectedvideo-article-113246841,0
 Noida: Traffic Advisory Issued Ahead Of PM Modi's Visit-Check Diversions,https://www.timesnownews.com/city/noida/noida-traffic-advisory-issued-ahead-of-pm-modis-visit-check-diversions-article-113235881,0
"IKEA’s Grand Noida Project Launched: Rs 5,500 Crore Investment to Transform Sector 51 by 2028",https://www.timesnownews.com/city/noida/ikeas-grand-noida-project-launched-rs-5500-crore-investment-to-transform-sector-51-by-2028-article-113221070,0
Noida Hospitals Save Patient with 15-Hour Surgery After Noting Unusual Voice Hoarseness,https://www.timesnownews.com/city/noida/noida-hospitals-save-patient-with-15-hour-surgery-after-noting-unusual-voice-hoarseness-article-113219035,0
"Bridge Across Hindon River To Boost Noida-Greater Noida Connectivity, Completion Expected By 2026",https://www.timesnownews.com/city/noida/bridge-across-hindon-river-to-boost-noida-greater-noida-connectivity-completion-expected-by-2026-article-113196812,0
Noida-Greater Noida Expressway To Get 2 New Underpasses; Check Which Sectors Will Benefit,https://www.timesnownews.com/city/noida/noida-greater-noida-expressway-to-get-2-more-underpasses-check-which-sectors-will-benefit-article-113188721,0
Two Noida Residents Duped Of Rs 1.40 Crore In Fake Stock Investment Scheme,https://www.timesnownews.com/city/noida/two-noida-residents-duped-of-rs-1-40-crore-in-fake-stock-investment-scheme-article-113188645,0
Noida Boys Who Ran Away After Failing Test Found In Anand Vihar After Scanning Over 500 CCTV Cams,https://www.timesnownews.com/city/noida/noida-boys-who-ran-away-after-failing-test-found-in-anand-vihar-after-scanning-over-500-cctv-cams-article-113166136,0
Louisiana's Landmark Skyscraper Demolished. Ring A Bell With Noida Residents?,https://www.timesnownews.com/world/louisianas-landmark-skyscraper-demolished-ring-a-bell-with-noida-residents-article-113160304,0
"Noida Roads, DND Jam-Packed As VIP Movement Forces Traffic To Move At Snail's Pace: VIDEO",https://www.timesnownews.com/city/noida/noida-roads-dnd-jam-packed-as-vip-movement-forces-traffic-to-move-at-snails-pace-video-article-113123089,0
"Suspects Open Fire On Greater Noida Police During Robbery Pursuit; One Injured, Another Escapes - VIDEO",https://www.timesnownews.com/city/noida/suspects-open-fire-on-greater-noida-police-during-robbery-pursuit-one-injured-another-escapes-video-article-113101077,0
Noida Authority To Run 100 E-Buses On 27 Routes; Full Details Inside,https://www.timesnownews.com/city/noida/noida-authority-to-run-100-e-buses-on-27-routes-full-details-inside-article-113096456,0
Gurugram,https://www.timesnownews.com/city/gurugram,0
 ED Arrests Gurugram Residents for Taking Illegal Possession of Property,https://www.timesnownews.com/city/gurugram/ed-arrests-gurugram-residents-for-taking-illegal-possession-of-property-article-113353631,0
 Gurugram Civic Body Is Yet To Acquire Land It Was Allotted 8 Years Ago For A Cultural Complex,https://www.timesnownews.com/city/gurugram/gurugram-civic-body-is-yet-to-acquire-land-it-was-allotted-8-years-ago-for-a-cultural-complex-article-113292293,0
 Traffic to Remain Affected Between Gurugram and Mahipalpur for 60 Days—Here’s Why,https://www.timesnownews.com/delhi/delhi-traffic-advisory-avoid-service-road-on-nh-48-from-dwarka-link-road-to-mahipalpur-for-the-next-2-monthsheres-why-article-113242962,0
 Haryana Polls: Congress Announces Candidates For Seats In Gurugram And Badshahpur-See Details,https://www.timesnownews.com/city/gurugram/haryana-polls-congress-announces-candidates-for-assembly-elections-see-details-article-113218406,0
 'God Exists': Gurugram Auto Driver Returns Woman's Lost Bag With Diamond Pendant,https://www.timesnownews.com/city/gurugram/god-exists-gurugram-auto-driver-returns-womans-lost-bag-with-diamond-pendant-article-113199510,0
How Bihar Man Fluent In Mandarin Duped Gurugram Resident Of Rs 78 Lakh In Cyber Fraud,https://www.timesnownews.com/city/gurugram/how-bihar-man-fluent-in-mandarin-duped-gurugram-resident-of-rs-78-lakh-in-cyber-fraud-article-113099117,0
"Which City Is More Livable, Gurugram Or Noida? Responses To Post On X Are A Must Read",https://www.timesnownews.com/city/gurugram/which-city-is-more-livable-gurugram-or-noida-responses-to-post-on-x-are-a-must-read-article-113079620,0
"No Rain in Gurugram After Heavy Downpour: Frustrated Resident Advises, 'Don’t Buy Property Here'",https://www.timesnownews.com/city/gurugram/weather-forecast-gurgaon-no-rain-in-gurugram-after-heavy-downpour-frustrated-resident-advises-dont-buy-property-here-article-113077552,0
"Gurugram Roads Turn Into Mini 'Lakes' After Rain; Netizen Says, 'Officers Should Take a Holy Dip'",https://www.timesnownews.com/city/gurugram/gurugram-roads-turn-into-mini-lakes-after-rain-netizen-says-officers-should-take-a-holy-dip-article-113067445,0
Haryana Elections 2024: Over 14.87 Lakh Gurugram Voters Eligible To Exercise Franchise On Oct 5,https://www.timesnownews.com/city/gurugram/haryana-elections-2024-over-14-87-lakh-gurugram-voters-eligible-to-exercise-franchise-on-oct-5-gurgaon-article-112998443,0
"Over 15k Cases Of Drunk Driving Recorded This Year, Gurugram Traffic Police Intensifies Night Checks",https://www.timesnownews.com/city/gurugram/over-15k-cases-of-drunk-driving-recorded-this-year-gurugram-traffic-police-intensifies-night-checks-article-112901222,0
"Man Kills 70-Year-Old Mother After She Refuses To Give Money For Liquor In Gurugram, Arrested",https://www.timesnownews.com/city/gurugram/man-kills-70-year-old-mother-after-she-refuses-to-give-money-for-liquor-in-gurugram-arrested-article-112842915,0
Gurugram and Badshahpur Campaigns Heat Up As Haryana BJP Seeks Election Postponement,https://www.timesnownews.com/city/gurugram/gurugram-and-badshahpur-campaigns-heat-up-as-haryana-bjp-seeks-election-postponement-article-112800340,0
Final Voter List for Assembly Elections in Gurugram Set To Come on August 27-See Key Details,https://www.timesnownews.com/city/gurugram/final-voter-list-for-assembly-elections-in-gurugram-set-to-come-on-august-27-see-key-details-article-112759035,0
Gurugram DCP Direct Authorities To Repair City's Pothole Issues In 15 Days,https://www.timesnownews.com/city/gurugram/gurugram-dcp-direct-authorities-to-repair-citys-pothole-issues-in-15-days-article-112757016,0
Ghaziabad,https://www.timesnownews.com/city/ghaziabad,0
" Ghaziabad Man, Minor Partner Thrashed For 'Mixing' Urine With Juice, Detained",https://www.timesnownews.com/city/ghaziabad/ghaziabad-man-minor-partner-thrashed-for-mixing-urine-with-juice-detained-article-113340328,0
" Frog Leg Found in Samosa at Popular Ghaziabad Sweet Shop, Video Goes Viral",https://www.timesnownews.com/viral/frog-leg-found-in-samosa-at-popular-ghaziabad-sweet-shop-video-goes-viral-article-113285880,0
 New Metro Line To Connect North-East Delhi With Trans Hindon Area In Ghaziabad,https://www.timesnownews.com/delhi/new-metro-line-to-connect-north-east-delhi-with-trans-hindon-area-in-ghaziabad-article-113263970,0
 Ghaziabad Hospital Owner Arrested for Blackmailing Gynaecologist With Objectionable Photos,https://www.timesnownews.com/city/ghaziabad/ghaziabad-hospital-owner-arrested-for-blackmailing-gynaecologist-with-objectionable-photos-article-113251728,0
 What Is Ghaziabad Master Plan-2031? All You Need To Know,https://www.timesnownews.com/city/ghaziabad/what-is-ghaziabad-master-plan-2031-all-you-need-to-know-article-113230594,0
"With Swanky Coaches And Numerous Facilities, Meerut Metro To Bring City Closer To Delhi: PICS",https://www.timesnownews.com/delhi/meerut-metro-with-swanky-coaches-and-numerous-facilities-to-bring-city-closer-to-delhi-rrts-ghaziabad-duhai-article-113152745,0
Ghaziabad Sees Drop in Crimes Against Women as Pink Booths Mark One Year,https://www.timesnownews.com/city/ghaziabad/ghaziabad-sees-drop-in-crimes-against-women-as-pink-booths-mark-one-year-article-113069189,0
"Video Shows Youth Hanging Out Of SUV With Police Siren On, Performing Stunts In Ghaziabad",https://www.timesnownews.com/city/ghaziabad/ghaziabad-news-video-shows-youth-hanging-out-of-suv-with-police-siren-on-performing-stunts-in-ghaziabad-article-113065729,0
"Ghaziabad Scrap Dealer Rapes Minor: Angry Mob Vandalises Shops, Blocks Traffic, Set Vehicles On Fire",https://www.timesnownews.com/city/ghaziabad/ghaziabad-scrap-dealer-rapes-minor-angry-mob-vandalises-shops-blocks-traffic-set-vehicles-on-fire-article-112911060,0
How Cop's Son Faked Kidnapping To Demand Rs 1 Lakh From His Own Family,https://www.timesnownews.com/city/ghaziabad/how-cops-son-faked-kidnapping-to-demand-rs-1-lakh-from-his-own-family-article-112853995,0
Ghaziabad Property Circle Rate Likely To Go Up Next Month: Report,https://www.timesnownews.com/city/ghaziabad/ghaziabad-property-circle-rate-likely-to-go-up-next-month-report-article-112739639,0
Switch Seamlessly from Delhi Metro to Rapid Rail: How QR-Based Ticketing Simplifies Your Journey,https://www.timesnownews.com/city/ghaziabad/switch-seamlessly-from-delhi-metro-to-rapid-rail-how-qr-based-ticketing-simplifies-your-journey-article-112697018,0
Ghaziabad Couple Loses Rs 3 Crore In Investment Scam Through A Facebook Advertisement,https://www.timesnownews.com/city/ghaziabad/ghaziabad-couple-loses-rs-3-crore-in-investment-scam-through-a-facebook-advertisement-article-112621321,0
Meerut To Sahibabad In Just 30 Minutes: Here’s How,https://www.timesnownews.com/city/ghaziabad/delhi-ghaziabad-meerut-rrts-corridor-meerut-to-sahibabad-in-just-30-minutes-with-namo-bharat-train-article-112616843,0
RRTS Project: Namo Bharat's First Station In Meerut To Be Operational For Passenger From Sunday,https://www.timesnownews.com/city/ghaziabad/rrts-project-namo-bharats-first-station-in-meerut-to-be-operational-for-passenger-from-sunday-article-112599816,0
Ahmedabad,https://www.timesnownews.com/city/ahmedabad,0
" PM Modi's Ahmedabad Visit: City's Several Routes Diverted On Monday, Check Full Advisory",https://www.timesnownews.com/city/ahmedabad/pm-modis-ahmedabad-visit-citys-several-routes-diverted-on-monday-check-full-advisory-article-113350547,0
" 8 Drown During Ganesh Idol Immersion Near Ahmedabad, PM Modi Announces Rs 2 Lakh Ex Gratia",https://www.timesnownews.com/city/ahmedabad/8-drown-during-ganesh-idol-immersion-near-ahmedabad-pm-modi-announces-rs-2-lakh-ex-gratia-article-113347663,0
 Ahmedabad-Based Firm To Invest Rs 200 Cr For 100 Cervical Cancer Screening Labs Across Country,https://www.timesnownews.com/city/ahmedabad/ahmedabad-based-firm-to-invest-rs-200-cr-for-100-cervical-cancer-screening-labs-across-country-article-113294430,0
 PM Modi To Flag Off Second Phase Of Ahmedabad Metro On Sept 16: Key Details of the Project,https://www.timesnownews.com/city/ahmedabad/pm-modi-to-flag-off-second-phase-of-ahmedabad-metro-on-sept-16-key-details-of-the-project-article-113268371,0
 Ahmedabad-Bhuj Vande Bharat Train To Reduce Travel Time By 1.5 Hours; Check Its Facilities,https://www.timesnownews.com/city/ahmedabad/ahmedabad-bhuj-vande-bharat-train-to-reduce-travel-time-by-1-5-hours-check-its-facilities-article-113264333,0
Mumbai-Ahmedabad Bullet Train: 1.75 Lakh Noise Barriers Installed On 87.5 km Viaduct,https://www.timesnownews.com/mumbai/mumbai-ahmedabad-bullet-train-1-75-lakh-noise-barriers-installed-on-87-5-km-viaduct-article-113229707,0
Ahmedabad On Yellow Alert For Thunderstorm Amid Heavy Rainfall in Gujarat; Check IMD Forecast,https://www.timesnownews.com/city/ahmedabad/ahmedabad-on-yellow-alert-for-thunderstorm-amid-heavy-rainfall-in-gujarat-check-imd-forecast-article-113213307,1
ISRO's New Study Reveals Significant Intra-Urban Heat Islands in Ahmedabad; What Does It Mean?,https://www.timesnownews.com/city/ahmedabad/isros-new-study-reveals-significant-intra-urban-heat-islands-in-ahmedabad-what-does-it-mean-article-113182278,0
Mumbai-Ahmedabad Bullet Train Project: 11th Bridge Over Kaveri River Completed; Know More,https://www.timesnownews.com/city/ahmedabad/mumbai-ahmedabad-bullet-train-project-11th-bridge-over-kaveri-river-completed-know-more-article-113100381,0
Ahmedabad Man Attempts Canada Trip On Fake Visa For Which He Was Charged 4 Years Ago,https://www.timesnownews.com/city/ahmedabad/ahmedabad-man-attempts-canada-trip-on-fake-visa-for-which-he-was-charged-4-years-ago-article-113054209,0
"1,200 Ahmedabad Civil Hospital Resident Doctors Go On Hunger Strike Seeking Stipend Hike",https://www.timesnownews.com/city/ahmedabad/ahmedabad-civil-hospitalbj-medical-college-1200-resident-doctors-go-on-hunger-strike-seeking-stipend-hike-article-112996249,0
Ahmedabad Customer Throws Heartwarming Birthday Surprise for Zomato Delivery Agent: VIDEO,https://www.timesnownews.com/city/ahmedabad/ahmedabad-customer-throws-heartwarming-birthday-surprise-for-zomato-delivery-agent-video-article-112985444,0
"Ahmedabad On Yellow Alert Today, IMD Predicts Week-Long Rainfall; Check Forecast",https://www.timesnownews.com/city/ahmedabad/ahmedabad-on-yellow-alert-today-imd-predicts-week-long-rainfall-check-forecast-article-112978773,0
'Frustrated' Jamnagar Man Drinks Phenyl After Only Bridge to Chela Village Collapses Due to Heavy Rain,https://www.timesnownews.com/city/ahmedabad/frustrated-jamnagar-man-drinks-phenyl-after-only-bridge-to-city-collapses-due-to-heavy-rain-article-112944495,0
Ahmedabad Braces for Light Rain and Cloudy Skies as Cyclone Asna Moves to Pakistan,https://www.timesnownews.com/city/ahmedabad/ahmedabad-braces-for-light-rain-and-cloudy-skies-as-cyclone-asna-moves-to-pakistan-article-112941624,1
Ind vs Pak Hockey,https://www.timesnownews.com/sports/hockey/india-vs-pakistan-hockey-live-score-updates-asian-champions-trophy-2024-india-vs-pak-today-hockey-match-score-updates-harmanpreet-singh-ammad-butt-liveblog-113340686,0
Blast In Kolkata,https://www.timesnownews.com/kolkata/1-injured-in-blast-in-kolkata-near-sn-banerjee-road-bomb-disposal-squad-on-site-article-113348994,0
Deepjyoti,https://www.timesnownews.com/india/meet-deepjyoti-the-latest-addition-to-the-prime-ministers-family-video-article-113343903,0
Sunita Williams,https://www.timesnownews.com/world/100-days-on-sunita-williams-still-stuck-in-space-but-says-love-being-here-article-113346236,0
Vijay's Salary For Thalapathy,https://www.timesnownews.com/entertainment-news/tamil/vijays-remuneration-for-thalapathy-69-is-higher-than-robert-downey-jrs-pay-for-avengers-endgame-article-113338879,0
Hindi Diwas Quotes,https://www.timesnownews.com/lifestyle/books/features/hindi-diwas-2024-heartwarming-quotes-by-famous-hindi-literature-authors-article-113307506,0
Hindi Diwas Wishes,https://www.timesnownews.com/lifestyle/events/hindi-diwas-2024-wishes-messages-quotes-images-for-facebook-and-whatsapp-status-article-113316716,0
Car Discounts September 2024,https://www.timesdrive.in/features/best-car-discounts-and-offers-in-september-2024-save-up-to-rs-12-lakhs-article-151038704,0
Army Jawans J&K Killed,https://www.timesnownews.com/india/one-army-jawan-killed-3-injured-in-kishtwar-encounter-article-113329040,0
Anti-Rape Laws,https://www.timesnownews.com/india/anti-rape-laws-to-be-included-in-school-syllabus-supreme-court-seeks-centres-response-article-113331500,0
Virat Overtaking Ganguly,https://www.timesnownews.com/sports/cricket/virat-kohli-set-to-overtake-sourav-ganguly-need-one-test-cap-to-article-113331855,0
Property Market Value Calculator,https://www.etnownews.com/magic-bricks-property,0
"VIDEO: Passengers Get Angry As SpiceJet Cancels Delhi-Darbhanga Flight 5 Mins Before Boarding, Airline Responds",https://www.timesnownews.com/india/video-passengers-get-angry-as-spicejet-cancels-delhi-darbhanga-flight-5-mins-before-boarding-airline-responds-article-113355144,0
Stones Thrown At Vande Bharat During Trial Run Ahead Of Its Flag-Off Ceremony In Chhattisgarh,https://www.timesnownews.com/india/stones-thrown-at-vande-bharat-during-trial-run-ahead-of-its-flag-off-ceremony-in-chhattisgarh-article-113354099,0
"Breaking News: CBI Arrests Sandip Ghosh, Kolkata Police SHO In RG Kar Rape-Murder Case",https://www.timesnownews.com/india/cbi-arrests-sandip-ghosh-kolkata-police-sho-in-rg-kar-rape-murder-case-article-113354397,0
"Deadlock Continues As Doctors Firm On Live Stream Demand, Mamata Banerjee Says 'Can't Keep Insulting Me'",https://www.timesnownews.com/india/deadlock-continues-as-doctors-firm-on-livestream-demand-mamata-banerjee-says-cant-keep-insulting-me-article-113354068,0
How Zorawar Tanks Will Enhance Army's Combat Capabilities In Mountains | VIDEO,https://www.timesnownews.com/india/how-zorawar-tanks-will-enhance-armys-combat-capabilities-in-mountains-video-article-113353117,0
"'No Live Streaming, No Meeting': Junior Doctors' Dialogue With Mamata Banerjee Hits Roadblock",https://www.timesnownews.com/india/no-live-streaming-no-meeting-junior-doctors-dialogue-with-mamata-banerjee-hits-roadblock-article-113353279,0
Rajasthan: 'Army Man' Seeks Sexual Favours To Pass NCC Aspirant In Test,https://www.timesnownews.com/india/rajasthan-army-man-seeks-sexual-favours-to-pass-ncc-aspirant-in-test-article-113351826,0
"Uttar Pradesh: Building Collapses In Meerut's Zakir Colony, Over 8 Trapped; Rescue Underway",https://www.timesnownews.com/india/uttar-pradesh-building-collapses-in-meeruts-zakir-colony-over-8-trapped-rescue-underway-article-113353092,1
RG Kar Victim's Mother Firm On 5-Point Demand As Doctors Meet Mamata Banerjee To Resolve Crisis,https://www.timesnownews.com/india/rg-kar-victims-mother-firm-on-5-point-demand-as-doctors-meet-mamata-banerjee-to-resolve-crisis-article-113352289,0
Will Arvind Kejriwal's Bail Conditions Impact Governance In Delhi? What AAP Said,https://www.timesnownews.com/india/will-arvind-kejriwals-bail-conditions-impact-governance-in-delhi-what-aap-said-article-113351596,0
Mamata Banerjee-Doctors Key Meeting At CM Residence: Will RG Kar Hospital Impasse Finally End?,https://www.timesnownews.com/india/mamata-banerjee-to-meet-doctors-today-will-rg-kar-hospital-impasse-finally-end-article-113350929,0
"West Bengal: 65-Year-Old Woman Dies After Mud House Collapses In Bankura, 6 Injured",https://www.timesnownews.com/india/west-bengal-65-year-old-woman-dies-after-mud-house-collapses-in-bankura-6-injured-article-113350400,0
'Congress India's Most Dishonest Party': PM Modi Kicks Off BJP's Haryana Campaign With Kurukshetra Rally - TOP QUOTES,https://www.timesnownews.com/india/pm-modi-kicks-off-bjps-campaign-in-haryana-with-kurukshetra-rally-hits-out-at-congress-top-quotes-article-113350228,0
Who Was Tika Lal Taploo Mentioned By PM Modi In Doda & Why BJP Has Named Scheme For KPs After Him,https://www.timesnownews.com/india/who-was-tika-lal-taploo-mentioned-by-pm-modi-in-doda-why-bjp-has-named-scheme-for-kps-after-him-article-113349213,0
"Gyanvapi Is 'Vishwanath' Himself, Unfortunate That People Call It Mosque Today: Yogi Adityanath",https://www.timesnownews.com/india/gyanvapi-is-vishwanath-himself-unfortunate-that-people-call-it-mosque-today-yogi-adityanath-article-113348425,0
Kiren Rijiju's Befitting Reply To Fugitive Zakir Naik's Rant On Waqf Bill: 'This Anti-India Character',https://www.timesnownews.com/india/kiren-rijijus-befitting-reply-to-fugitive-zakir-naiks-rant-on-waqf-bill-this-anti-india-character-article-113347486,0
"Mamata Banerjee's 'Last Attempt To Resolve Crisis' Goes In Vain, Agitating Doctors Say 'Won't Compromise'",https://www.timesnownews.com/india/kolkata-protests-doctors-say-wont-compromise-after-cm-mamatas-emotional-appeal-article-113347434,0
"Video: Major Landslide Hits Jammu-Rajouri-Poonch Highway, Traffic Suspended",https://www.timesnownews.com/india/video-major-landslide-hits-jammu-rajouri-poonch-highway-traffic-suspended-article-113347046,1
"'Couldn't Sleep At Night': Mamata Makes Emotional Appeal To Protesting Doctors, But In Vain",https://www.timesnownews.com/india/rg-kar-medical-college-doctors-protests-mamata-banerjee-emotional-appeal-article-113345517,0
"'Terrorism Breathing Its Last': In Doda, PM Modi Trains Guns At 'Aatankwad' and 'Parivarwad' - Top Quotes",https://www.timesnownews.com/india/jammu-and-kashmir-elections-terrorism-breathing-its-last-in-doda-pm-modi-trains-guns-at-aatankwad-and-parivarwad-top-quotes-article-113345301,0
'Two People Unloaded...': What's Inside Rahul Gandhi's Huge Gift For UP Barber Who Trimmed His Beard,https://www.timesnownews.com/india/two-people-unloaded-whats-inside-rahul-gandhis-huge-gift-for-up-barber-who-trimmed-his-beard-article-113344989,0
"Ban Meat, Liquor Consumption In Religious Towns On Narmada River: MP CM Mohan Yadav",https://www.timesnownews.com/india/ban-meat-liquor-consumption-in-religious-towns-on-narmada-river-mp-cm-mohan-yadav-article-113343945,0
"PM Modi's 'Sin' Attack On 'Three Khandaans' In Doda Rally, Says Elections Will Decide J&K's Fate",https://www.timesnownews.com/india/jammu-and-kashmir-elections-2024-pm-modis-sin-attack-on-three-khandaans-in-doda-rally-says-elections-will-decide-jks-fate-article-113344571,0
"Himachal Pradesh Mosque Dispute: Trade Union Shuts Markets In Manali, CM Appeals To Maintain Peace -10 Points",https://www.timesnownews.com/india/himachal-pradesh-mosque-dispute-trade-union-shuts-markets-in-manali-cm-appeals-to-maintain-peace-10-points-article-113343678,0
Visual Stories,https://www.timesnownews.com/web-stories/india,0
Port Blair To Allahabad: 5 Indian Cities Whose Name Was Changed,https://www.timesnownews.com/web-stories/india/port-blair-to-allahabad-5-indian-cities-whose-name-was-changed/photostory/113333789.cms,0
Why Airplanes Have Round Windows: 5 Facts,https://www.timesnownews.com/web-stories/india/why-airplanes-have-round-windows-5-facts/photostory/113332447.cms,0
5 Major Wars Fought By Indian Army,https://www.timesnownews.com/web-stories/india/5-major-wars-fought-indian-army/photostory/113170535.cms,0
5 Images That Prove India Is Unique,https://www.timesnownews.com/web-stories/india/5-images-that-prove-india-is-unique/photostory/113168627.cms,0
Cities,https://www.timesnownews.com/city,0
"Civic Apathy Kills Again, 2 Men Die In Faridabad After Their SUV Sinks In Waterlogged Underpass",https://www.timesnownews.com/city/civic-apathy-kills-again-2-men-die-in-faridabad-after-their-suv-submerges-in-waterlogged-underpass-article-113341645,0
"Viral Video: Cops Line Up Seized Liquor Bottle For Disposal, Locals Grab and Run Off",https://www.timesnownews.com/city/viral-video-andhra-cops-line-up-seized-liquor-bottle-worth-rs-50-lakh-for-disposal-locals-grab-and-run-off-article-113247005,0
10-Year-Old Boy Crushed To Death By Karnataka Government Bus In Belagavi: VIDEO,https://www.timesnownews.com/city/belagavi-10-year-old-boy-crushed-to-death-by-karnataka-government-bus-article-113167027,0
'Ganpati Bappa Morya': Nationwide Festivities Light Up As Devotees Flock To Temples – VISUALS,https://www.timesnownews.com/city/ganpati-bappa-morya-nationwide-festivities-light-up-as-devotees-flock-to-temples-visuals-article-113141595,0
"Karnataka Mother-Son Duo Sets 12-Hour Non-Stop Swimming Record, Enters Asia and India Book of Records",https://www.timesnownews.com/city/karnataka-belagavi-mother-son-duo-sets-12-hour-non-stop-swimming-record-enters-asia-and-india-book-of-records-article-113109295,0
Mumbai,https://www.timesnownews.com/mumbai,0
Don’t Miss Out: 5 Iconic Ganesh Pandals In Mumbai To Visit Before The Festival Ends-IN PICS,https://www.timesnownews.com/mumbai/dont-miss-out-5-iconic-ganesh-pandals-in-mumbai-to-visit-before-the-festival-ends-in-pics-article-113345921,0
"Mumbai Lawyer Made To Undress, Stand Naked By Fake Cops Who Planned To Blackmail Her",https://www.timesnownews.com/mumbai/mumbai-lawyer-made-to-undress-stand-naked-by-fake-cops-who-planned-to-blackmail-her-article-113342957,0
Eid-e-Milad Government Holiday In Mumbai Rescheduled From 16 To 18 September,https://www.timesnownews.com/mumbai/eid-e-milad-government-holiday-in-mumbai-rescheduled-from-16-to-18-september-article-113340376,0
Fire Breaks Out In A Building In Mumbai's Ghatkopar; 13 Injured,https://www.timesnownews.com/mumbai/fire-breaks-out-in-a-building-in-mumbais-ghatkopar-13-injured-article-113339592,0
"Have Weekend Plans? Mumbaikars, Check The Weather Forecast Before You Step Out!",https://www.timesnownews.com/mumbai/mumbai-weather-light-rain-likely-today-imd-forecasts-week-long-showers-article-113338309,0
Delhi,https://www.timesnownews.com/delhi,0
Man Shot Dead in East Delhi's Geeta Colony,https://www.timesnownews.com/delhi/man-shot-dead-in-east-delhis-geeta-colony-article-113352209,0
Delhi Traffic Police Issues Advisory In View Of 'Rath Yatra' On Saturday- Check Alternative Routes,https://www.timesnownews.com/delhi/delhi-traffic-police-issues-advisory-in-view-of-rath-yatra-on-saturday-check-alternative-routes-article-113350240,0
Will Pacific Cyclone Yagi Bring More Rainfall to Delhi Next Week?,https://www.timesnownews.com/delhi/will-cyclone-yagi-storm-that-wreaked-havoc-in-vietnam-bring-more-rain-in-delhi-article-113346652,1
'Caused Air Pollution': AAP Workers Booked For Bursting Crackers On Kejriwal's Release Despite Ban,https://www.timesnownews.com/delhi/caused-air-pollution-aap-workers-booked-for-bursting-crackers-on-kejriwals-release-despite-ban-article-113345996,0
Arvind Kejriwal's First Outing With Wife After Walking Out Of Jail: CP's Hanuman Mandir | Visuals,https://www.timesnownews.com/delhi/arvind-kejriwals-first-outing-with-wife-after-walking-out-of-jail-cps-hanuman-mandir-visuals-article-113343621,0
Kolkata,https://www.timesnownews.com/kolkata,0
"1 Injured In Blast In Kolkata Near SN Banerjee Road, Bomb Disposal Squad On Site",https://www.timesnownews.com/kolkata/1-injured-in-blast-in-kolkata-near-sn-banerjee-road-bomb-disposal-squad-on-site-article-113348994,0
Conspiracy Against Protesting Doctors? Audio Clip Helps Kolkata Police Prevent Big Attack,https://www.timesnownews.com/kolkata/conspiracy-against-protesting-doctors-audio-clip-helps-kolkata-police-prevent-big-attack-article-113343434,0
"'Was Worried All Night, Request You...': Mamata Vs Doctors' Deadlock To End? CM Meets Protesting Medics",https://www.timesnownews.com/kolkata/watch-mamata-vs-doctors-deadlock-to-end-cm-reaches-swasthya-bhawan-to-meet-protesting-medics-article-113344728,0
Kolkata Court Rejects CBI's Request of Narco Test on Rape-Murder Accused Sanjay Roy,https://www.timesnownews.com/kolkata/breaking-news-kolkata-court-rejects-cbis-request-of-narco-test-on-rape-murder-accused-sanjay-roy-article-113324122,0
'Don't Fell Trees From Today' For Kolkata's Joka-Esplanade Metro Project: Supreme Court,https://www.timesnownews.com/kolkata/dont-fell-trees-from-today-for-kolkata-metro-project-supreme-court-on-16-km-long-joka-esplanade-article-113322033,0
Bengaluru,https://www.timesnownews.com/bengaluru,0
"Liquor Ban In Parts Of Bengaluru In View Of Ganesha Idol Immersion, Check Dates, timings",https://www.timesnownews.com/bengaluru/liquor-ban-in-parts-of-bengaluru-in-view-of-ganesha-idol-immersion-check-dates-timings-article-113354914,0
Bengaluru Contractor Alleges Threat From BJP MLA: 'What Happened To Renukaswamy Will Happen To You',https://www.timesnownews.com/bengaluru/bengaluru-contractor-what-happened-to-renukaswamy-will-happen-to-you-alleges-threat-from-bjp-mla-munirathna-article-113351551,0
50 Dalit Families Near Bengaluru Paying Price For Sexual Assault Case Against Upper Caste Man,https://www.timesnownews.com/bengaluru/50-dalit-families-near-bengaluru-paying-price-for-sexual-assault-case-posco-against-upper-caste-man-article-113347342,0
"Bengaluru Woman Comes To Know About Married Daughter's Affair And Asks Her To Stop, Gets Killed",https://www.timesnownews.com/bengaluru/bengaluru-news-woman-comes-to-know-about-married-daughters-affair-and-asks-her-to-stop-gets-killed-article-113345937,0
"Bengaluru Eid-e-Milad: Vehicles Restricted On Several Procession Routes, Check Full Advisory",https://www.timesnownews.com/bengaluru/bengaluru-eid-e-milad-vehicles-restricted-on-several-procession-routes-check-full-advisory-article-113344443,0
Hyderabad,https://www.timesnownews.com/hyderabad,0
Woman Crushed To Death As State-Run RTC Bus Runs Over Her In Hyderabad: VIDEO,https://www.timesnownews.com/hyderabad/woman-crushed-to-death-as-state-run-rtc-bus-runs-over-her-in-hyderabad-video-article-113349577,0
"Hyderabad Weather: Light Rain Likely Today, With Continuous Showers Expected Ahead",https://www.timesnownews.com/hyderabad/hyderabad-weather-light-rain-likely-today-with-continuous-showers-expected-ahead-article-113338629,0
"Woman Held In Hyderabad For Sending Indians To Cambodia, Where They Were Tortured And...",https://www.timesnownews.com/hyderabad/woman-held-in-hyderabad-for-sending-indians-to-cambodia-where-they-were-tortured-and-article-113327358,0
"Hyderabad Commission Asks IndiGo To Refund Rs 4.14 Lakh To Flyer, Plus Rs 1,47 Lakh Because...",https://www.timesnownews.com/hyderabad/hyderabad-commission-asks-indigo-to-refund-rs-4-14-lakh-to-flyer-plus-rs-147-lakh-because-article-113287422,0
"VIDEO: Patient Grabs Female Doctor's Apron, Attacks Her At Hyderabad's Gandhi Hospital",https://www.timesnownews.com/hyderabad/video-patient-grabs-female-doctors-apron-attacks-her-at-hyderabads-gandhi-hospital-article-113279103,0
Chennai,https://www.timesnownews.com/chennai,0
Chennai Sees 'Dark' Night As Fire At Manali Substation Leaves City Without Electricity,https://www.timesnownews.com/chennai/chennai-sees-dark-night-as-fire-at-manali-substation-leaves-city-without-electricity-article-113301847,0
Power Cut In Chennai On September 13; Check List Of Areas Affected,https://www.timesnownews.com/chennai/power-cut-in-chennai-on-september-13-check-list-of-areas-affected-article-113290122,0
"Bomb Threat Email Sent To Anna University MIT's Campus Near Chennai, Authority On Alert",https://www.timesnownews.com/chennai/bomb-threat-email-sent-to-anna-university-mits-campus-authority-on-alert-article-113282794,0
Chennai: Power Cut Announced In THESE Areas On September 12-Check Details,https://www.timesnownews.com/chennai/chennai-power-cut-announced-in-these-areas-on-september-12-check-details-article-113261561,0
Chennai: LuLu Hypermarket To Open At THESE Metro Stations-Details,https://www.timesnownews.com/chennai/chennai-lulu-hypermarket-to-open-at-these-metro-stations-details-article-113255224,0
Pune,https://www.timesnownews.com/pune,0
"Scammer Threatens Pune Man with Arrest in Fake Drug Parcel Case, Cheats Him of Rs 1.26 Crores",https://www.timesnownews.com/pune/scammer-threatens-pune-man-with-arrest-in-fake-drug-parcel-case-cheats-him-of-rs-1-26-crores-article-113353065,0
Pune: Planning To Head Out Today? Check The Weather Forecast First,https://www.timesnownews.com/pune/pune-rains-planning-to-head-out-today-check-the-imd-weather-forecast-first-article-113306940,0
'It's Heart Of Pune': SC Stays NGT Order Capping 'Dhol-Tasha' Performers To 30 For Ganesh Chaturthi,https://www.timesnownews.com/pune/supreme-court-stays-ngt-order-capping-number-of-performers-during-ganeshotsav-let-them-do-dhol-tasha-article-113288595,0
"Punekars, Prepare for Heavy Rainfall for Next 2 Days in City; Check IMD Prediction Here",https://www.timesnownews.com/pune/punekars-prepare-for-heavy-rainfall-for-next-2-days-in-city-check-imd-prediction-here-article-113274606,0
India's First Green Hydrogen Valley Project To Be Set Up In Pune-Details,https://www.timesnownews.com/pune/indias-first-green-hydrogen-valley-project-to-be-set-up-in-pune-details-article-113256288,0
Noida,https://www.timesnownews.com/city/noida,0
Noida: How A 44-Yr-Old Duped Of Rs 27 Lakh In SIM Card 'Hacking'; Here's The Major Mistake,https://www.timesnownews.com/city/noida/how-a-44-yr-old-duped-of-rs-27-lakh-in-sim-card-hacking-heres-the-major-mistake-article-113342476,0
"6-Year-Old Noida Student 'Inappropriately' Touched, Parents Protest  At School: VIDEO",https://www.timesnownews.com/city/noida/6-year-old-noida-student-inappropriately-touched-parents-protest-at-school-video-article-113293902,0
Yamuna Expressway Authority To Launch Residential Plots Scheme This Navratri; Check Location & Prices,https://www.timesnownews.com/city/noida/yamuna-expressway-authority-to-launch-residential-plots-scheme-this-navratri-near-noida-airport-checkprices-article-113286658,0
"Heavy Rainfall Leaves Noida Streets Waterlogged, Traffic Affected—VIDEO",https://www.timesnownews.com/city/noida/heavy-rainfall-leaves-noida-streets-waterlogged-traffic-affectedvideo-article-113246841,0
Noida: Traffic Advisory Issued Ahead Of PM Modi's Visit-Check Diversions,https://www.timesnownews.com/city/noida/noida-traffic-advisory-issued-ahead-of-pm-modis-visit-check-diversions-article-113235881,0
Gurugram,https://www.timesnownews.com/city/gurugram,0
ED Arrests Gurugram Residents for Taking Illegal Possession of Property,https://www.timesnownews.com/city/gurugram/ed-arrests-gurugram-residents-for-taking-illegal-possession-of-property-article-113353631,0
Gurugram Civic Body Is Yet To Acquire Land It Was Allotted 8 Years Ago For A Cultural Complex,https://www.timesnownews.com/city/gurugram/gurugram-civic-body-is-yet-to-acquire-land-it-was-allotted-8-years-ago-for-a-cultural-complex-article-113292293,0
Traffic to Remain Affected Between Gurugram and Mahipalpur for 60 Days—Here’s Why,https://www.timesnownews.com/delhi/delhi-traffic-advisory-avoid-service-road-on-nh-48-from-dwarka-link-road-to-mahipalpur-for-the-next-2-monthsheres-why-article-113242962,0
Haryana Polls: Congress Announces Candidates For Seats In Gurugram And Badshahpur-See Details,https://www.timesnownews.com/city/gurugram/haryana-polls-congress-announces-candidates-for-assembly-elections-see-details-article-113218406,0
'God Exists': Gurugram Auto Driver Returns Woman's Lost Bag With Diamond Pendant,https://www.timesnownews.com/city/gurugram/god-exists-gurugram-auto-driver-returns-womans-lost-bag-with-diamond-pendant-article-113199510,0
Ghaziabad,https://www.timesnownews.com/city/ghaziabad,0
"Ghaziabad Man, Minor Partner Thrashed For 'Mixing' Urine With Juice, Detained",https://www.timesnownews.com/city/ghaziabad/ghaziabad-man-minor-partner-thrashed-for-mixing-urine-with-juice-detained-article-113340328,0
"Frog Leg Found in Samosa at Popular Ghaziabad Sweet Shop, Video Goes Viral",https://www.timesnownews.com/viral/frog-leg-found-in-samosa-at-popular-ghaziabad-sweet-shop-video-goes-viral-article-113285880,0
New Metro Line To Connect North-East Delhi With Trans Hindon Area In Ghaziabad,https://www.timesnownews.com/delhi/new-metro-line-to-connect-north-east-delhi-with-trans-hindon-area-in-ghaziabad-article-113263970,0
Ghaziabad Hospital Owner Arrested for Blackmailing Gynaecologist With Objectionable Photos,https://www.timesnownews.com/city/ghaziabad/ghaziabad-hospital-owner-arrested-for-blackmailing-gynaecologist-with-objectionable-photos-article-113251728,0
What Is Ghaziabad Master Plan-2031? All You Need To Know,https://www.timesnownews.com/city/ghaziabad/what-is-ghaziabad-master-plan-2031-all-you-need-to-know-article-113230594,0
Ahmedabad,https://www.timesnownews.com/city/ahmedabad,0
"PM Modi's Ahmedabad Visit: City's Several Routes Diverted On Monday, Check Full Advisory",https://www.timesnownews.com/city/ahmedabad/pm-modis-ahmedabad-visit-citys-several-routes-diverted-on-monday-check-full-advisory-article-113350547,0
"8 Drown During Ganesh Idol Immersion Near Ahmedabad, PM Modi Announces Rs 2 Lakh Ex Gratia",https://www.timesnownews.com/city/ahmedabad/8-drown-during-ganesh-idol-immersion-near-ahmedabad-pm-modi-announces-rs-2-lakh-ex-gratia-article-113347663,0
Ahmedabad-Based Firm To Invest Rs 200 Cr For 100 Cervical Cancer Screening Labs Across Country,https://www.timesnownews.com/city/ahmedabad/ahmedabad-based-firm-to-invest-rs-200-cr-for-100-cervical-cancer-screening-labs-across-country-article-113294430,0
PM Modi To Flag Off Second Phase Of Ahmedabad Metro On Sept 16: Key Details of the Project,https://www.timesnownews.com/city/ahmedabad/pm-modi-to-flag-off-second-phase-of-ahmedabad-metro-on-sept-16-key-details-of-the-project-article-113268371,0
Ahmedabad-Bhuj Vande Bharat Train To Reduce Travel Time By 1.5 Hours; Check Its Facilities,https://www.timesnownews.com/city/ahmedabad/ahmedabad-bhuj-vande-bharat-train-to-reduce-travel-time-by-1-5-hours-check-its-facilities-article-113264333,0
Chandigarh,https://www.timesnownews.com/city/chandigarh,0
"Chandigarh Grenade Attack's Main Perpetrator Arrested, Admits Role In Blast: Punjab Top Cop",https://www.timesnownews.com/city/chandigarh/chandigarh-grenade-attacks-main-perpetrator-arrested-admits-role-in-blast-punjab-top-cop-article-113312885,0
"'Tried To Catch Him', 'I Was Panicked': Owners Of Chandigarh House Where Attackers Threw Grenade",https://www.timesnownews.com/city/chandigarh/owners-of-chandigarh-house-where-attackers-threw-grenade-say-i-tried-to-catch-him-i-was-panicked-article-113300464,0
US-Based Gangster Claims Responsibility For Chandigarh Attack Targeting An Ex-Punjab Cop,https://www.timesnownews.com/city/chandigarh/chandigarh-grenade-attack-nikodar-killing-us-based-gangster-harpreet-singh-claims-responsibility-targeting-an-ex-punjab-cop-khalistan-terrorist-harinder-singh-rinda-article-113285610,0
"Chandigarh Grenade Attack: Role Of Pak-Based Khalistan Terrorist Emerges, Target Was Rtd. Cop",https://www.timesnownews.com/city/chandigarh/punjab-chandigarh-grenade-attack-role-of-pak-based-khalistan-terrorist-emerges-target-was-rtd-cop-article-113281891,0
Caught On Cam: Chandigarh House Hit By Suspected Grenade Blast,https://www.timesnownews.com/city/chandigarh/caught-on-cam-chandigarh-house-hit-by-suspected-grenade-blast-article-113266361,0
Kochi,https://www.timesnownews.com/city/kochi,0
"Kochi Has 95 pc Pending Cases Of Crimes Against Women, And A Worse Conviction Rate: Report",https://www.timesnownews.com/city/kochi/kochi-has-95-pc-pending-cases-of-crimes-against-women-and-a-worse-conviction-rate-article-113299216,0
How New Public Spaces in Fort Kochi Will Enhance Connectivity—All Details Inside,https://www.timesnownews.com/city/kochi/how-new-public-spaces-in-fort-kochi-will-enhance-connectivityall-details-inside-article-113260978,0
CM Pinarayi To Inaugurate Renovated Changampuzha Park In Kochi On Thursday; Check What's New,https://www.timesnownews.com/city/kochi/cm-pinarayi-to-inaugurate-renovated-changampuzha-park-in-kochi-on-thursday-check-whats-new-article-113216059,0
Kochi Set For A Rainy Week: IMD Issues Yellow Alert For Heavy Showers,https://www.timesnownews.com/city/kochi/kochi-set-for-a-rainy-week-imd-issues-yellow-alert-for-heavy-showers-article-113209522,0
What’s Forcing Kochi Ro-Ro Ferry Commuters to Walk 20 Km or Wait Long Hours,https://www.timesnownews.com/city/kochi/whats-forcing-kochi-ro-ro-ferry-commuters-to-walk-20-km-or-endure-long-waits-article-113190081,0
Crime,https://www.timesnownews.com/crime,0
"Elderly Woman Tied To Pole, Beaten After Son's Inter-Caste Marriage In Andhra Pradesh",https://www.timesnownews.com/crime/elderly-woman-tied-to-pole-beaten-after-sons-inter-caste-marriage-in-andhra-pradesh-article-113346983,0
Delhi Woman Murdered By Husband Because She Was More Active On Social Media,https://www.timesnownews.com/crime/delhi-woman-murdered-by-husband-because-she-was-more-active-on-social-media-article-113341154,0
"Newly-Wed Bride Mixes Drugs With Dinner, Flees On Bike After In-Laws Fall Unconscious",https://www.timesnownews.com/crime/newly-wed-bride-mixes-drugs-with-dinner-flees-on-bike-after-in-laws-fall-unconscious-article-113338303,0
Actor Darshan Showed Middle Finger To Media? Viral Video Sparks Outrage,https://www.timesnownews.com/crime/actor-darshan-showed-middle-finger-to-media-viral-video-sparks-outrage-article-113316477,0
On Cam: Female Constable's Speeding Car Crushes Sub-Inspector To Death In MP's Rajgarh,https://www.timesnownews.com/crime/on-cam-female-constables-speeding-car-crushes-sub-inspector-to-death-in-mps-rajgarh-article-113292954,0
1,https://www.timesnownews.com/india,0
2,https://www.timesnownews.com/india/page-2,0
3,https://www.timesnownews.com/india/page-3,0
4,https://www.timesnownews.com/india/page-4,0
5,https://www.timesnownews.com/india/page-5,0
6,https://www.timesnownews.com/india/page-6,0
7,https://www.timesnownews.com/india/page-7,0
8,https://www.timesnownews.com/india/page-8,0
9,https://www.timesnownews.com/india/page-9,0
100,https://www.timesnownews.com/india/page-100,0
>,https://www.timesnownews.com/india/page-2,0
news,https://www.timesnownews.com,0
india news,https://www.timesnownews.com/india,0
Latest News,https://www.timesnownews.com/latest-news,0
Girona vs FC Barcelona Live Streaming: When And Where To Watch La Liga Live In India?,https://www.timesnownews.com/sports/football/girona-vs-fc-barcelona-live-streaming-when-and-where-to-watch-la-liga-live-in-india-article-113355371,0
"VIDEO: Passengers Get Angry As SpiceJet Cancels Delhi-Darbhanga Flight 5 Mins Before Boarding, Airline Responds",https://www.timesnownews.com/india/video-passengers-get-angry-as-spicejet-cancels-delhi-darbhanga-flight-5-mins-before-boarding-airline-responds-article-113355144,0
25 Years Of Kareena Kapoor Celebration To Begin With A Film Festival Honouring Her Contribution To Cinema,https://www.timesnownews.com/entertainment-news/bollywood/25-years-of-kareena-kapoor-celebration-to-begin-with-a-film-festival-honouring-her-contribution-to-cinema-article-113355158,0
Onam 2024: Chef Mohan Sawant Shares Exclusive Palada Payasam Recipe To Celebrate The Festival,https://www.timesnownews.com/lifestyle/food/recipes/onam-2024-chef-mohan-sawant-shares-exclusive-palada-payasam-recipe-to-celebrate-the-festival-article-113331497,0
Switch To These Coffee Alternatives To Enhance Your Morning Routine,https://www.timesnownews.com/health/diet/switch-to-these-coffee-alternatives-to-enhance-your-morning-routine-article-113350803,0
Download App,/info/times-network-app,0
Gold Price Today,https://www.timesnownews.com/gold-rates,0
Silver Price Today,https://www.timesnownews.com/silver-rates,0
India vs Pakistan Hockey Live Score,https://www.timesnownews.com/sports/hockey/india-vs-pakistan-hockey-live-score-updates-asian-champions-trophy-2024-india-vs-pak-today-hockey-match-score-updates-harmanpreet-singh-ammad-butt-liveblog-113340686,0
IAF Wing Commander,https://www.timesnownews.com/india/air-force-wing-commander-accused-of-rape-by-junior-gets-pre-arrest-bail-from-high-court-article-113329216,0
Jaishankar 1984 Hijack,https://www.timesnownews.com/india/amid-ic-814-row-jaishankar-recalls-1984-hijack-my-father-was-on-that-flight-called-my-mother-video-article-113327995,0
Trump's Laura Loomer Video,https://www.timesnownews.com/world/us/us-news/trumps-video-with-laura-loomer-goes-viral-voters-ask-where-is-melania-article-113333844,0
Zelenskyy Donald Trump Call,https://www.timesnownews.com/world/ukraines-zelenskyy-reveals-details-of-his-phone-call-with-donald-trump-article-113337754,0
Stranded NASA Astronauts,https://www.timesnownews.com/world/stranded-nasa-astronauts-sunita-williams-and-bush-wilmore-will-cast-their-votes-from-space-article-113336449,0
Army Jawans Killed J&K,https://www.timesnownews.com/india/one-army-jawan-killed-3-injured-in-kishtwar-encounter-article-113329040,0
Osama Bin Laden Son,https://www.timesnownews.com/world/middle-east/osama-bin-laden-son-hamza-bin-laden-commanding-al-qaeda-afghanistan-article-113326613,0
Port Blair Name,https://www.timesnownews.com/india/captain-archibald-blair-who-was-port-blair-named-after-sri-vijaya-puram-article-113338768,0
NIA Raids Punjab,https://www.timesnownews.com/india/nia-raids-multiple-locations-in-punjab-associated-with-amritpal-singhs-relative-gadgets-documents-seized-article-113333320,0
Holidays in India,https://www.timesnownews.com/indian-holiday,0
Fuel Price in India,https://www.timesnownews.com/fuel,0
Car Discounts in September 2024,https://www.timesdrive.in/features/best-car-discounts-and-offers-in-september-2024-save-up-to-rs-12-lakhs-article-151038704,0
Ukraine Zelenskyy Trump Call,https://www.timesnownews.com/world/ukraines-zelenskyy-reveals-details-of-his-phone-call-with-donald-trump-article-113337754,0
Stranded NASA Astronauts,https://www.timesnownews.com/world/stranded-nasa-astronauts-sunita-williams-and-bush-wilmore-will-cast-their-votes-from-space-article-113336449,0
Trump On Migrant Problem,https://www.timesnownews.com/world/us/us-news/donald-trump-is-right-about-haitian-migrant-problem-in-springfield-but-no-one-is-eating-pets-article-113334649,0
Newly-Wed Bride Drugs,https://www.timesnownews.com/crime/newly-wed-bride-mixes-drugs-with-dinner-flees-on-bike-after-in-laws-fall-unconscious-article-113338303,0
Army Jawans Killed,https://www.timesnownews.com/india/one-army-jawan-killed-3-injured-in-kishtwar-encounter-article-113329040,0
Anti-Rape Laws,https://www.timesnownews.com/india/anti-rape-laws-to-be-included-in-school-syllabus-supreme-court-seeks-centres-response-article-113331500,0
Google Antitrust Trial,https://www.timesnownews.com/technology-science/google-faces-antitrust-trial-over-ad-sales-practices-accused-of-unfairly-dominating-online-advertising-markets-article-113310072,0
Virat Overtaking Ganguly,https://www.timesnownews.com/sports/cricket/virat-kohli-set-to-overtake-sourav-ganguly-need-one-test-cap-to-article-113331855,0
Osama Bin Laden Son,https://www.timesnownews.com/world/middle-east/osama-bin-laden-son-hamza-bin-laden-commanding-al-qaeda-afghanistan-article-113326613,0
GOAT Box Office Collection,https://www.timesnownews.com/entertainment-news/box-office/tamil/goat-box-office-collection-day-9-article-113341405,0
Nandhan Trailer,https://www.timesnownews.com/entertainment-news/tamil/watch-the-trailer-of-sasikumars-nandhan-article-113341762,0
Diljit Dosanjh,https://www.timesnownews.com/entertainment-news/bollywood/diljit-dosanjh-is-overwhelmed-with-the-massive-sales-of-dil-luminati-tour-says-its-gonna-be-worth-the-wait-article-113341101,0
Rakul Preet Singh,https://www.timesnownews.com/entertainment-news/bollywood/rakul-preet-singh-is-not-a-fan-of-entourage-culture-you-dont-need-10-people-telling-you-whats-good-article-113340253,0
The Buckingham Murders Box Office,https://www.timesnownews.com/entertainment-news/box-office/bollywood/the-buckingham-murders-box-office-collection-day-1-kareena-kapoor-film-opens-on-slow-note-mints-rs-1-15-crore-article-113339019,0
Nia Sharma,https://www.timesnownews.com/entertainment-news/tv/nia-sharma-celebrates-14-years-of-showbiz-career-im-a-senior-now-article-113339491,0
Stree 2 Box Office Collection,https://www.timesnownews.com/entertainment-news/box-office/bollywood/stree-2-box-office-collection-day-30-rajkummar-rao-starrer-horror-comedy-inches-closer-to-rs-550-crore-article-113339468,0
Priyanka Chopra Nick Jonas,https://www.timesnownews.com/entertainment-news/bollywood/priyanka-chopra-nick-jonas-sea-trip-is-all-about-spending-quality-time-with-malti-marie-dishing-out-couple-goals-article-113335169,0
Top Korean News Of The Week,https://www.timesnownews.com/entertainment-news/korean/top-korean-news-of-the-week-stray-kids-to-feature-in-arcane-2-bts-sugas-drunk-driving-case-closed-without-trial-article-113335253,0
Aashay Mishra,https://www.timesnownews.com/entertainment-news/tv/aashay-mishra-reacts-to-harshad-chopda-fans-trolling-him-for-his-on-screen-pairing-with-pranali-rathod-article-113334103,0
National Engineers Day 2024,https://www.timesnownews.com/web-stories/entertainment/national-engineers-day-2024-mind-blowing-movies-every-engineering-student-should-watch-photo-gallery-113326331,0
Menswear Fashion Trends 2024,https://www.timesnownews.com/lifestyle/fashion/trends/biggest-menswear-fashion-trends-for-fall-2024-article-113279676,0
Quitting Smoking,https://www.timesnownews.com/health/quitting-smoking-cuts-a-fib-risk-significantly-study-article-113333490,0
AP Special Karam Dosa,https://www.timesnownews.com/lifestyle/food/recipes/andhra-pradeshs-special-kadapa-karam-dosa-for-a-wholesome-spicy-breakfast-article-113266773,0
Horoscope Today,https://www.timesnownews.com/astrology/horoscope/horoscope-today-astrological-predictions-on-september-14-2024-for-all-zodiac-signs-article-113332356,0
Hindi Diwas Status,https://www.timesnownews.com/lifestyle/events/happy-hindi-diwas-2024-top-50-wishes-quotes-messages-images-status-and-greetings-to-share-article-103638775,0
Hindi Diwas 2024,https://www.timesnownews.com/lifestyle/events/happy-hindi-diwas-2024-best-quotes-wishes-messages-and-images-to-embrace-the-hindi-day-spirit-article-103638975,0
Hindi Diwas Wishes,https://www.timesnownews.com/lifestyle/events/hindi-diwas-2024-wishes-messages-quotes-images-for-facebook-and-whatsapp-status-article-113316716,0
Hindi Diwas Quotes,https://www.timesnownews.com/lifestyle/books/features/hindi-diwas-2024-heartwarming-quotes-by-famous-hindi-literature-authors-article-113307506,0
Baby Names,https://www.timesnownews.com/baby-names,0
About Us,https://www.timesnownews.com/info/about-us,0
Contact Us,https://www.timesnownews.com/info/contact-us,0
Advertise with us,https://www.timesnownews.com/info/advertise-with-us,0
Regulatory,https://www.timesnownews.com/info/regulatory,0
Terms & Conditions,https://www.timesnownews.com/info/terms-conditions,0
Privacy Policy,https://www.timesnownews.com/info/privacy-policy,0
Disclaimer,https://www.timesnownews.com/info/disclaimer,0
Complaint Redressal,https://www.timesnownews.com/info/complaint-redressal,0
Syndication And Partnerships,https://www.timesnownews.com/info/syndicate-our-content,0
