Title,Links
Times Now,https://www.timesnownews.com
TN Navbharat,https://www.timesnowhindi.com
Zoom,https://www.zoomtventertainment.com
ET Now,https://www.etnownews.com
ET Now Swadesh,https://hindi.etnownews.com
Times Drive,https://www.timesdrive.in
Health and Me,https://www.healthandme.com
Digit,https://www.digit.in/
Marathi,https://marathi.timesnownews.com
Telugu,https://telugu.timesnownews.com/
Tamil,https://tamil.timesnownews.com/
Bengali,https://bengali.timesnownews.com
Kannada,https://kannada.timesnownews.com
 ,https://www.timesnownews.com/
India,https://www.timesnownews.com/india
Cities ,https://www.timesnownews.com/city
Mumbai ,https://www.timesnownews.com/mumbai
Delhi ,https://www.timesnownews.com/delhi
Kolkata ,https://www.timesnownews.com/kolkata
Bengaluru ,https://www.timesnownews.com/bengaluru
Hyderabad ,https://www.timesnownews.com/hyderabad
Chennai ,https://www.timesnownews.com/chennai
Pune ,https://www.timesnownews.com/pune
Noida ,https://www.timesnownews.com/city/noida
Gurugram ,https://www.timesnownews.com/city/gurugram
Ghaziabad ,https://www.timesnownews.com/city/ghaziabad
Ahmedabad ,https://www.timesnownews.com/city/ahmedabad
Chandigarh ,https://www.timesnownews.com/city/chandigarh
Kochi ,https://www.timesnownews.com/city/kochi
Crime ,https://www.timesnownews.com/crime
 Shocking: Woman Dies Of Heart Attack In Valsad During Son's 5th Birthday Party- Video,https://www.timesnownews.com/india/shocking-woman-dies-of-heart-attack-in-valsad-during-sons-5th-birthday-party-video-article-113434062
 'Will Remove You From Court': CJI Rebukes Lawyer Seeking Mamata Banerjee's Resignation over RG Kar Case,https://www.timesnownews.com/india/will-remove-you-from-court-cji-chandrachud-rebukes-lawyer-seeking-mamata-banerjees-resignation-over-rg-kar-case-article-113432324
" Army Vehicle Plunges Into Gorge In J&K's Rajouri, Four Soldiers Injured",https://www.timesnownews.com/india/army-vehicle-plunges-into-gorge-in-jks-rajouri-four-soldiers-injured-article-113433534
" IAF’s New Training Syllabus: Prioritising Drones For Safer, Cheaper, And More Precise Operations",https://www.timesnownews.com/india/iafs-new-training-syllabus-prioritising-drones-for-safer-cheaper-and-more-precise-operations-article-113430829
" Big Rail Accident Averted! Delhi-Bound Swatantra Senani Express Hits Wooden Log, Dodges Derailment",https://www.timesnownews.com/india/big-rail-accident-averted-delhi-bound-swatantra-senani-express-hits-wooden-log-dodges-derailment-article-113425721
"Nipah Virus Kills Student In Kerala's Malappuram, Tamil Nadu To Enhance Surveillance At Border",https://www.timesnownews.com/india/nipah-virus-kills-student-in-keralas-malappuram-tamil-nadu-to-enhance-surveillance-at-border-article-113425419
Exclusive: What Next For Arvind Kejriwal After His Resignation As Delhi CM?,https://www.timesnownews.com/india/exclusive-what-next-for-arvind-kejriwal-after-his-resignation-as-delhi-cm-article-113426076
Who Is Vineet Goyal And Why Junior Doctors Demanded His Removal From Kolkata CP Post,https://www.timesnownews.com/india/who-is-vineet-goyal-and-why-junior-doctors-demanded-removal-of-kolkata-cp-article-113424561
"Nagpur Horror: 9-Year-Old Raped In Front of Sister, Attacker Still Missing",https://www.timesnownews.com/india/nagpur-horror-9-year-old-assaulted-in-front-of-sister-attacker-still-missing-article-113425036
Scam Busted! News About Amitabh Bachchan's Death With Times Now Logo Is FAKE,https://www.timesnownews.com/india/scam-busted-news-about-amitabh-bachchans-death-with-times-now-logo-is-fake-article-113422998
"'Happy Bday Modiji': Amit Shah, President Murmu, Rajinikanth, Others Extend Wishes As PM Turns 74",https://www.timesnownews.com/india/happy-bday-modiji-amit-shah-president-murmu-rajinikanth-others-extend-wishes-as-pm-turns-74-article-113420022
'It's An Open Court': Why CJI Denied Kapil Sibal's 'No Live Streaming' Request For Kolkata Case Hearing,https://www.timesnownews.com/india/kapil-sibal-requests-no-live-streaming-of-kolkata-case-hearing-cji-says-its-an-open-court-article-113423054
NDA Govt Approved Infra Projects Worth Rs 3 Lakh Crore In First 100 Days In Office: Amit Shah,https://www.timesnownews.com/india/nda-govt-approved-infra-projects-worth-rs-3-lakh-crore-in-first-100-days-in-office-amit-shah-article-113423291
Supreme Court's BIG Verdict On Bulldozer Action: No Demolition Till October 1,https://www.timesnownews.com/india/breaking-news-scs-big-verdict-on-bulldozer-action-no-demolition-till-october-1-article-113422318
'Those Tearing Apart Society…': PM Modi Takes On Congress Over Criticism On Visit To CJI's Home For Ganpati Puja,https://www.timesnownews.com/india/congress-its-ecosystem-angry-with-me-for-participating-in-ganesh-puja-at-cjis-residence-pm-modi-article-113420846
Cities,https://www.timesnownews.com/city
 Noida Metro Authority To Commercially Develop 3 New Plots Near High-Rise Buildings,https://www.timesnownews.com/city/noida/noida-metro-authority-to-commercially-develop-3-new-plots-near-high-rise-buildings-article-113432744
 Noida Plots Alert! 1.2K Sites Identified for Allotment under Upcoming Schemes for Multiple Purposes,https://www.timesnownews.com/city/noida/noida-plots-alert-1-2k-sites-identified-for-allotment-under-upcoming-schemes-for-multiple-purposes-article-113421211
 Kochi: Complete Traffic Ban At THIS Stretch From Today Due To Construction Work,https://www.timesnownews.com/city/kochi/kochi-complete-traffic-ban-at-this-stretch-from-today-due-to-construction-work-article-113418268
" Roads, Parks, and Streetlights! Ghaziabad Prepares for Major Infra Revamp in 10 Industrial Areas",https://www.timesnownews.com/city/ghaziabad/roads-parks-and-streetlights-ghaziabad-prepares-for-major-infra-revamp-in-10-industrial-areas-article-113412914
" Ahmedabad-Bhuj Vande Metro: Rs 30 For 1 Km Travel, Rs 630 For 500 kms",https://www.timesnownews.com/city/ahmedabad/ahmedabad-bhuj-vande-metro-rs-30-for-1-km-travel-rs-630-for-500-kms-article-113411770
Noida: Check These Diversions As You Head Out For Ganesh Visarjan,https://www.timesnownews.com/city/noida/noida-traffic-advisory-check-these-diversions-as-you-head-out-for-ganesh-visarjan-article-113409508
"Ahmedabad To Gandhinagar In 45 Mins! PM Modi Flags off Metro Phase 2, Takes Ride To GIFT City",https://www.timesnownews.com/city/ahmedabad/pm-modi-flags-off-ahmedabad-gandhinagar-phase-2-metro-gift-city-ahmedabad-gandhinagar-in-45-minutes-article-113388616
"Dry Day In Bengaluru, Hyderabad and Pune Till September 18,Details",https://www.timesnownews.com/city/dry-day-in-bengaluru-hyderabad-and-pune-till-september-18details-article-113392822
Sensational Details Of Chandigarh Blast: Pak-Based Khalistani Wanted To Hire Youths From Poor Families,https://www.timesnownews.com/city/chandigarh/sensational-details-of-chandigarh-blast-pak-based-khalistani-wanted-to-hire-youths-from-poor-families-article-113392107
"PM Modi To Flag Off Ahmedabad-Bhuj Vande Bharat Metro, Check City's Weather Forecast For Today",https://www.timesnownews.com/city/ahmedabad/pm-modi-to-flag-off-ahmedabad-bhuj-vande-bharat-metro-check-citys-weather-forecast-for-today-article-113387054
Employee Gives Tour Of World's Largest American Express Office Located In Gurugram: VIDEO,https://www.timesnownews.com/city/gurugram/employee-gives-tour-of-worlds-largest-american-express-office-located-in-gurugram-video-article-113391627
"Haryana Reports 123 Malaria Infection, Highest In 4 Yrs: Check Number Of Cases In Gurugram, Faridabad",https://www.timesnownews.com/city/haryana-reports-123-malaria-infection-highest-in-4-yrs-check-number-of-cases-in-gurugram-faridabad-article-113389310
"Ahmedabad-Bhuj Vande Bharat Metro, To Be Launched By PM Modi, Renamed To 'Namo Bharat Rapid Rail'",https://www.timesnownews.com/city/ahmedabad/ahmedabad-bhuj-india-first-vande-bharat-metro-to-be-launched-by-pm-modi-renamed-to-namo-bharat-rapid-rail-article-113387638
"2nd Nipah Virus Death In Malappuram: Restrictions Imposed, Theatres Shut And Masks Made Mandatory",https://www.timesnownews.com/city/2nd-nipah-virus-death-in-malappuram-restrictions-imposed-theatres-shut-and-masks-made-mandatory-businesses-schools-colleges-anganwadis-shut-article-113385000
"Noida's Botanical Garden-Mayur Vihar Stretch Set for Revamp; To Ease Traffic at Sectors 18,16,15",https://www.timesnownews.com/city/noida/noidas-botanical-garden-mayur-vihar-stretch-set-for-revamp-to-ease-traffic-at-sectors-181615-article-113384106
Mumbai,https://www.timesnownews.com/mumbai
 Mumbai Businessman's Nude Video Used To Extort Rs 2.5 Lakh By Man Posing As Woman On Facebook,https://www.timesnownews.com/mumbai/mumbai-businessmans-nude-video-used-to-extort-rs-2-5-lakh-by-man-posing-as-woman-on-facebook-article-113426546
 Agle Baras Tu Jaldi Aana! Ganesh Idols Immersion Begins Across Mumbai On Visarjan Day-Visuals,https://www.timesnownews.com/mumbai/ganesh-idols-immersion-begins-in-mumbai-and-across-maharashtra-on-visarjan-day-visuals-article-113421719
 Mumbai's Andheri To Face Water Supply Cut From Sept 19-20; Check List Of Affected Areas,https://www.timesnownews.com/mumbai/mumbais-andheri-to-face-water-supply-cut-from-sept-19-20-check-list-of-affected-areas-article-113416531
 How Will The Weather Be In Mumbai Today? Check IMD Forecast,https://www.timesnownews.com/mumbai/how-will-the-weather-be-in-mumbai-today-check-imd-forecast-article-113407850
" Ganesh Visarjan: Mumbai Fortified With Over 28K Security Personnel, 10 SRPF Companies And 10000 CCTV",https://www.timesnownews.com/mumbai/ganesh-visarjan-mumbai-fortified-with-over-28k-security-personnel-10-srpf-companies-and-10000-cctv-article-113396459
"In Venice, Anand Mahindra Runs Into 'Mumbai-style' Traffic, User Says, 'At Least There's No Honking'",https://www.timesnownews.com/mumbai/in-venice-anand-mahindra-runs-into-mumbai-style-traffic-user-says-at-least-theres-no-honking-article-113389668
"BMW-Mercedes 'Race' On Bandra-Worli Sea Link Ends In Major Accident, Traffic Disrupted",https://www.timesnownews.com/mumbai/bmw-mercedes-race-on-bandra-worli-sea-link-ends-in-major-accident-traffic-disrupted-article-113390357
India's Most Challenging Underground Metro Project In Mumbai May Run By This Day: Report,https://www.timesnownews.com/mumbai/indias-most-challenging-underground-metro-project-in-mumbai-may-run-by-this-day-report-article-113382283
14-Lane Road Near Atal Setu To Slash Mumbai-Pune Expressway Traffic By 50%: Nitin Gadkari,https://www.timesnownews.com/mumbai/14-lane-road-near-atal-setu-to-slash-mumbai-pune-expressway-traffic-by-50-per-cent-nitin-gadkari-article-113380610
Mumbai Ganesh Chaturthi: Traffic Advisory Details Road Restrictions And Alternate Routes,https://www.timesnownews.com/mumbai/mumbai-ganesh-chaturthi-traffic-advisory-details-road-restrictions-and-alternate-routes-article-113380012
Mumbai Set To Drench In Week-Long Rainfall; Check High Tide Timings And Sea Levels,https://www.timesnownews.com/mumbai/mumbai-set-to-drench-in-week-long-rainfall-check-high-tide-timings-and-sea-levels-article-113379365
Assistant Professor Of Mumbai's Nair Hospital Suspended For 'Sexually Harassing' Medical Student,https://www.timesnownews.com/mumbai/assistant-professor-of-mumbais-nair-hospital-suspended-for-sexually-harassing-medical-student-article-113372312
32-Year-Old Woman Gang Raped At Knifepoint Near Mumbai,https://www.timesnownews.com/crime/32-year-old-woman-gang-raped-at-knifepoint-near-mumbai-nalasopara-palghar-crime-news-article-113372000
"Mob Thrashes Biker, Destroy His Two-Wheeler After He Attacked Woman With Helmet In Mumbai",https://www.timesnownews.com/mumbai/mob-thrashes-biker-destroy-his-two-wheeler-after-he-attacked-woman-with-helmet-in-mumbai-article-113370125
"Unexpected Heavy Rain Drenches Mumbai, More Showers Likely In Next Few Hours",https://www.timesnownews.com/mumbai/rain-in-mumbai-today-unexpected-heavy-rain-drenches-mumbai-more-showers-likely-in-next-few-hours-article-113363683
Delhi,https://www.timesnownews.com/delhi
 Inside RASA Festival In Delhi: A Tribute To India’s Cultural Heritage Through Classical Music | Pics,https://www.timesnownews.com/delhi/inside-rasa-festival-in-delhi-a-tribute-to-indias-cultural-heritage-through-classical-music-pics-article-113434940
 Munawar Faruqui's Delhi Event Sees High Drama - Why Comedian Was Rushed To Mumbai?,https://www.timesnownews.com/delhi/munawar-faruquis-delhi-event-sees-high-drama-why-comedian-was-rushed-to-mumbai-article-113432707
" Lightning, Winds, and Rain: Sudden Change in Delhi Weather – Impact of Cyclone Yagi?",https://www.timesnownews.com/delhi/lightening-winds-rain-sudden-change-in-delhi-weather-is-this-cyclone-yagi-impact-article-113430133
 IndiGo Flight From Delhi - Bengaluru Suffers Major Tailstrike,https://www.timesnownews.com/delhi/indigo-flight-from-delhi-bengaluru-suffers-major-tailstrike-article-113427417
" Arvind Kejriwal Submits Resignation As Delhi CM, Atishi Stakes Claim To Form Govt",https://www.timesnownews.com/delhi/arvind-kejriwal-quits-as-delhi-chief-minister-submits-resignation-before-lieutenant-governor-vk-saxena-article-113422562
Delhi Metro News: Services On Red Line Disrupted Due to Overhead Equipment Issue,https://www.timesnownews.com/delhi/delay-in-services-of-delhi-metros-red-line-article-113420208
Delhi: Half Of Nangloi Flyover From Peeragarhi To Tikri Border To Remain Closed From Sept 18,https://www.timesnownews.com/delhi/delhi-half-of-nangloi-flyover-from-peeragarhi-to-tikri-border-to-remain-closed-from-sept-18-article-113417732
"Delhi Man, 32, Dies After Falling into Open Pit in Bhajanpura; Rescue Efforts by Locals Failed",https://www.timesnownews.com/delhi/delhi-man-32-dies-after-falling-into-open-pit-in-bhajanpura-rescue-efforts-by-locals-failed-article-113413437
"Delhi's Gangs And Guns: Rivalry, Revenge, Violence In Prime Areas Of City Raise Safety Concerns",https://www.timesnownews.com/delhi/delhis-gangs-and-guns-rivalry-revenge-violence-in-prime-areas-of-city-raise-safety-concerns-article-113411283
"Delhi's Hauz Khas, Green Park and Nearby Areas to Face Water Supply Cut for Next 2 Days: DETAILS",https://www.timesnownews.com/delhi/delhis-hauz-khas-green-park-and-nearby-areas-to-face-water-supply-cut-for-next-2-days-details-article-113409967
"Cloudy Skies, No Rain: Are More Showers Expected In Delhi Soon?",https://www.timesnownews.com/delhi/delhi-weather-cloudy-skies-no-rain-are-more-showers-expected-in-delhi-soon-article-113407635
"Lawrence Bishnoi, 'Don of Yamunapur' And More: 5 Gangsters on Radar In Delhi Gym Owner Death Case",https://www.timesnownews.com/delhi/lawrence-bishnoi-don-of-yamunapur-and-more-5-gangsters-on-radar-in-delhi-gym-owner-death-case-article-113401161
"Delhi's Dengue Danger: Capital Reports 2 Deaths As Cases Increase, 70 Hospitalised Since July",https://www.timesnownews.com/delhi/delhis-dengue-danger-capital-reports-2-deaths-as-cases-increase-70-admitted-since-july-article-113399332
Delhi Police's 'Apna Band Naa Bajva Lena' Warning To People Ahead Of Diljit Dosanjh's Concert,https://www.timesnownews.com/delhi/delhi-polices-apna-band-naa-bajva-lena-warning-to-people-ahead-of-diljit-dosanjhs-concert-article-113396626
IndiGo Airlines Apologises After Passengers Wait Hours on Delhi-Bound Flight Before Cancellation,https://www.timesnownews.com/delhi/indigo-airlines-apologises-after-passengers-wait-hours-on-delhi-bound-flight-before-cancellation-article-113389319
Kolkata,https://www.timesnownews.com/kolkata
 Who Is Manoj Verma? Kolkata's New Police Commissioner Replacing Vineet Goyal,https://www.timesnownews.com/kolkata/who-is-manoj-verma-kolkatas-new-police-commissioner-replacing-vineet-goyal-article-113425321
" Kolkata Overcomes Rainfall Deficit, IMD Predicts More Rain; Will It Lead to Monsoon Surplus?",https://www.timesnownews.com/kolkata/kolkata-overcomes-rainfall-deficit-imd-predicts-more-rain-will-it-surpass-monsoon-average-article-113408540
" Kolkata Horror: Sandip Ghosh Gives 'Deceptive' Replies in Polygraph Test, SHO Mondal Entry was 'False'",https://www.timesnownews.com/kolkata/kolkata-horror-sandip-ghosh-gives-deceptive-replies-in-polygraph-test-sho-mondal-entry-was-false-article-113386375
 'Nexus Between' Sandip Ghosh And SHO Abhijit Mondol: CBI's Probe Plan In Doctor's Murder Case,https://www.timesnownews.com/india/nexus-between-sandip-ghosh-and-sho-abhijit-mondol-cbis-probe-plan-in-doctors-murder-case-article-113371310
 Rift Within Doctors? TMC's Kunal Ghosh Claims 'Audio Clip' Hints A Section Of Medics Want...,https://www.timesnownews.com/kolkata/rift-within-doctors-mamata-banerjee-tmcs-kunal-ghosh-claims-audio-clip-hints-a-section-of-medics-want-article-113370195
"Rs 340 for Tea: Former Finance Minister Shocked by Prices at Kolkata Airport, Raises Inflation Worry",https://www.timesnownews.com/kolkata/rs-340-for-tea-former-finance-minister-shocked-by-prices-at-kolkata-airport-raises-inflation-worry-article-113361599
"Blast Near Kolkata's SN Banerjee Road Injures 1, Eyewitness Recounts Horror - Video",https://www.timesnownews.com/kolkata/1-injured-in-blast-in-kolkata-near-sn-banerjee-road-bomb-disposal-squad-on-site-article-113348994
Conspiracy Against Protesting Doctors? Audio Clip Helps Kolkata Police Prevent Big Attack,https://www.timesnownews.com/kolkata/conspiracy-against-protesting-doctors-audio-clip-helps-kolkata-police-prevent-big-attack-article-113343434
"'Was Worried All Night, Request You...': Mamata Vs Doctors' Deadlock To End? CM Meets Protesting Medics",https://www.timesnownews.com/kolkata/watch-mamata-vs-doctors-deadlock-to-end-cm-reaches-swasthya-bhawan-to-meet-protesting-medics-article-113344728
Kolkata Court Rejects CBI's Request of Narco Test on Rape-Murder Accused Sanjay Roy,https://www.timesnownews.com/kolkata/breaking-news-kolkata-court-rejects-cbis-request-of-narco-test-on-rape-murder-accused-sanjay-roy-article-113324122
'Don't Fell Trees From Today' For Kolkata's Joka-Esplanade Metro Project: Supreme Court,https://www.timesnownews.com/kolkata/dont-fell-trees-from-today-for-kolkata-metro-project-supreme-court-on-16-km-long-joka-esplanade-article-113322033
"Never Sought Mamata's Resignation: Doctors' Protest Continues After Talks Fail, Blame Bengal Govt",https://www.timesnownews.com/kolkata/never-sought-mamatas-resignation-doctors-protest-continues-after-talks-fail-blame-bengal-govt-article-113306723
'Waited For 2 Hours' For Doctors: Mamata Says 'Will Forgive' Them For Not Showing Up For Meeting,https://www.timesnownews.com/kolkata/kolkata-rape-murder-cm-mamata-banerjee-says-will-forgive-protesting-doctors-for-not-showing-up-for-meeting-waited-for-2-hours-article-113297354
Kolkata Man Cancels Vacation As Airline Did Not Approve Cat's Travel: 'Michu Has Always...',https://www.timesnownews.com/kolkata/kolkata-man-cancels-vacation-as-airline-did-not-approve-cats-travel-michu-has-always-article-113295944
"Suspicious Bag Found Near Kolkata's RG Kar Hospital At Protest Site, Bomb Squad Team Present",https://www.timesnownews.com/kolkata/breaking-news-suspicious-bag-found-at-kolkatas-rg-kar-hospital-near-protest-site-bomb-squad-team-present-article-113286519
Bengaluru,https://www.timesnownews.com/bengaluru
 How A Non-Kannadiga Bengaluru Man Used Google Translator To Ensure Safety Of Sanitation Workers,https://www.timesnownews.com/bengaluru/how-a-non-kannadiga-used-google-translator-to-ensure-safety-of-sanitation-workers-article-113434680
 VIDEO: Leopard Strolls Across Road In Bengaluru As Man Walks Unaware In Scary Footage,https://www.timesnownews.com/bengaluru/video-leopard-strolls-across-road-in-bengaluru-as-man-walks-unaware-in-scary-footage-article-113427781
 Bengaluru: Man's Suicide Bid At Metro Station Foiled by Alert Staff,https://www.timesnownews.com/bengaluru/bengaluru-mans-suicide-bid-at-metro-station-foiled-by-alert-staff-article-113424259
 Bengaluru's Free Wi-Fi Initiative Halted After Only One Company Shows Interest,https://www.timesnownews.com/bengaluru/bengalurus-free-wi-fi-initiative-halted-after-only-one-company-shows-interest-article-113423491
" 'Why Not Speak Kannada?': Driver Argues With Toll Booth Worker For Using Hindi, Who Responds...",https://www.timesnownews.com/bengaluru/why-not-speak-kannada-driver-argues-with-toll-booth-worker-for-using-hindi-who-responds-article-113422982
"Now, Stray Dogs In Bengaluru Can Get Vaccinated, Sterilised Soon With BBMP's New Mobile App; Details",https://www.timesnownews.com/bengaluru/now-stray-dogs-in-bengaluru-can-get-vaccinated-sterilised-soon-with-bbmps-new-mobile-app-details-article-113420497
Bengaluru Airport To Make First Announcements In Kannada? Parishat Urges BIAL To Show State's Culture,https://www.timesnownews.com/bengaluru/bengaluru-airport-to-make-first-announcements-in-kannada-parishat-urges-bial-to-show-states-culture-article-113419411
"'Remove Underwear': Bengaluru Rowdy Beats Up Man, Forces To Strip & Run On Busy Road, Video Goes Viral",https://www.timesnownews.com/bengaluru/bengaluru-rowdy-beats-up-man-forces-to-strip-run-on-busy-road-video-goes-viral-article-113416837
"Bengaluru Shocker On Cam: Children Watch In Horror As Men In Silver SUV Block School Bus, Smash Window",https://www.timesnownews.com/bengaluru/bengaluru-news-treamis-school-bus-attacked-in-bengalurus-electronic-city-miscreants-break-window-in-entry-attempt-video-article-113409477
37-Year-Old Bengaluru CFO Gets Botox Annually for His Crow's Feet and Brows,https://www.timesnownews.com/bengaluru/37-year-old-bengaluru-cfo-annual-gets-botox-for-his-crows-feet-and-brows-article-113400840
'400km Of Additional Sewage Lines' Is What Bengaluru Needs To Make Its Lakes Pollution-Free,https://www.timesnownews.com/bengaluru/400km-of-additional-sewage-lines-is-what-bengaluru-needs-to-make-its-lakes-pollution-free-article-113399776
"Bengaluru Woman's Saree Order At 12 AM For Onam Leaves Netizens In Splits, 'Did it Come With Fall'",https://www.timesnownews.com/bengaluru/bengaluru-womans-saree-order-at-12-am-from-swiggy-instamart-for-onam-leaves-netizens-in-splits-did-it-come-with-fall-article-113399792
"Bengaluru Double-Decker Flyover: Boon For Commuters, But Bane For Residents?",https://www.timesnownews.com/bengaluru/bengaluru-double-decker-flyover-boon-for-commuters-but-bane-for-residents-article-113395026
Why Was A Ganesh Idol Inside Bengaluru Police Van? City Cops Clarify On Viral Image,https://www.timesnownews.com/bengaluru/ganesh-chatrudi-why-was-a-ganesh-idol-inside-bengaluru-police-van-city-cops-clarify-on-viral-image-article-113384993
"'Uber, Ola Have Banned Me': Bengaluru Auto Driver Who 'Slapped' Woman, Now Faces Consequences",https://www.timesnownews.com/bengaluru/bengaluru-auto-driver-who-slapped-woman-now-faces-consequences-claims-aggregator-apps-banned-him-article-113382534
Hyderabad,https://www.timesnownews.com/hyderabad
 Hyderabad: Father Accidentally Runs Over 3-Year-Old Son While Reversing Truck,https://www.timesnownews.com/hyderabad/hyderabad-father-accidentally-runs-over-3-year-old-son-while-reversing-truck-article-113430752
" After FedEx Scams, Cyber Fraudsters In Hyderabad Wield New Weapon To Dupe People -India Post",https://www.timesnownews.com/hyderabad/after-fedex-scams-cyber-fraudsters-in-hyderabad-wield-new-weapon-to-dupe-people-india-post-article-113398580
" Hyderabad Student In Canada For Brother's Birthday, Drowns While Swimming In Lake",https://www.timesnownews.com/hyderabad/hyderabad-student-praneeth-in-canada-for-brothers-birthday-drowns-while-swimming-in-toronto-lake-video-article-113398251
 Hyderabad Man Kills Self After Loan App Agent Blackmails With Wife's Nude Pic,https://www.timesnownews.com/hyderabad/hyderabad-man-kills-self-after-loan-app-agent-blackmail-him-with-wifes-morphed-nude-pic-over-rs-2000-article-113395382
 National Award-Winning Choreographer Booked By Hyderabad Police For 'Raping' Colleague,https://www.timesnownews.com/hyderabad/national-award-winning-choreographer-jani-master-booked-by-hyderabad-police-for-raping-colleague-article-113389186
"285 Arrested In Hyderabad For Misbehaving With Women, All Thanks To 'SHE Teams'",https://www.timesnownews.com/hyderabad/285-arrested-in-hyderabad-for-misbehaving-with-women-all-thanks-to-she-teams-article-113368774
'Do Men Ever Leave?': E-Bike Rider Texts Hyderabad Woman He Harassed For 5 Years On Instagram,https://www.timesnownews.com/hyderabad/do-men-ever-leave-e-bike-rider-texts-hyderabad-woman-he-harassed-for-5-years-on-instagram-article-113361232
Hyderabad Set for Economic Boost with Upcoming Karimnagar-Warangal Direct Rail Link – Here’s How,https://www.timesnownews.com/hyderabad/hyderabad-set-for-economic-boost-with-upcoming-karimnagar-warangal-direct-rail-link-heres-how-article-113360726
Woman Crushed To Death As State-Run RTC Bus Runs Over Her In Hyderabad: VIDEO,https://www.timesnownews.com/hyderabad/woman-crushed-to-death-as-state-run-rtc-bus-runs-over-her-in-hyderabad-video-article-113349577
"Hyderabad Weather: Light Rain Likely Today, With Continuous Showers Expected Ahead",https://www.timesnownews.com/hyderabad/hyderabad-weather-light-rain-likely-today-with-continuous-showers-expected-ahead-article-113338629
"Woman Held In Hyderabad For Sending Indians To Cambodia, Where They Were Tortured And...",https://www.timesnownews.com/hyderabad/woman-held-in-hyderabad-for-sending-indians-to-cambodia-where-they-were-tortured-and-article-113327358
"Hyderabad Commission Asks IndiGo To Refund Rs 4.14 Lakh To Flyer, Plus Rs 1,47 Lakh Because...",https://www.timesnownews.com/hyderabad/hyderabad-commission-asks-indigo-to-refund-rs-4-14-lakh-to-flyer-plus-rs-147-lakh-because-article-113287422
"VIDEO: Patient Grabs Female Doctor's Apron, Attacks Her At Hyderabad's Gandhi Hospital",https://www.timesnownews.com/hyderabad/video-patient-grabs-female-doctors-apron-attacks-her-at-hyderabads-gandhi-hospital-article-113279103
No Immersion of PoP Ganesha Idols in Hyderabad's Hussain Sagar; Check Where to Perform the Rituals,https://www.timesnownews.com/hyderabad/hyderabad-ganapati-2024-no-immersion-of-pop-s-ganesha-idols-in-hyderabads-hussain-sagar-check-where-you-can-follow-rituals-article-113252403
Hyderabad: Traffic Advisory Issued In View Of Ganesh Immersion Processions-Details Inside,https://www.timesnownews.com/hyderabad/hyderabad-traffic-advisory-issued-in-view-of-ganesh-immersion-processions-details-inside-article-113236208
Chennai,https://www.timesnownews.com/chennai
 Chennai To Face 5-Hour Power Cut Tomorrow; Is Your Area Affected? Check List,https://www.timesnownews.com/chennai/chennai-to-face-5-hour-power-cut-tomorrow-is-your-area-affected-check-list-article-113414134
" For PM Modi's 74th Birthday, 13-Year-Old Chennai Girl Makes World's Largest Millet Painting - WATCH",https://www.timesnownews.com/chennai/for-pm-modis-74th-birthday-13-year-old-chennai-girl-makes-worlds-largest-millet-painting-watch-article-113399634
 Police Detains Around 100 Protesting Samsung Employees Near Chennai; Production Halted At Sriperumbudur Plant,https://www.timesnownews.com/chennai/police-detains-around-100-protesting-samsung-employees-near-chennai-production-halted-at-sriperumbudur-plant-article-113387336
" Chennai: Residents To Witness Light Rain Today, Showers To Continue Till...",https://www.timesnownews.com/chennai/chennai-residents-to-witness-light-rain-today-showers-to-continue-till-check-imd-forecast-article-113378501
 Chennai Metro Phase-2 To Get First Driverless Train By End Of This Month; What More Features It Has?,https://www.timesnownews.com/chennai/chennai-metro-phase-2-to-get-first-driverless-train-by-end-of-this-month-what-more-features-it-has-article-113362304
Special Festival Trains To Run On Kochuveli-Chennai Central Route During Onam; Details,https://www.timesnownews.com/chennai/special-festival-trains-to-run-on-kochuveli-chennai-central-route-during-onam-details-article-113361762
Chennai Sweats In Extreme Heat As Temperatures Soar; Will Rain Cool Down The City?,https://www.timesnownews.com/chennai/chennai-sweats-in-extreme-heat-as-temperatures-soar-will-rain-cool-down-the-city-article-113360482
Chennai Sees 'Dark' Night As Fire At Manali Substation Leaves City Without Electricity,https://www.timesnownews.com/chennai/chennai-sees-dark-night-as-fire-at-manali-substation-leaves-city-without-electricity-article-113301847
Power Cut In Chennai On September 13; Check List Of Areas Affected,https://www.timesnownews.com/chennai/power-cut-in-chennai-on-september-13-check-list-of-areas-affected-article-113290122
"Bomb Threat Email Sent To Anna University MIT's Campus Near Chennai, Authority On Alert",https://www.timesnownews.com/chennai/bomb-threat-email-sent-to-anna-university-mits-campus-authority-on-alert-article-113282794
Chennai: Power Cut Announced In THESE Areas On September 12-Check Details,https://www.timesnownews.com/chennai/chennai-power-cut-announced-in-these-areas-on-september-12-check-details-article-113261561
Chennai: LuLu Hypermarket To Open At THESE Metro Stations-Details,https://www.timesnownews.com/chennai/chennai-lulu-hypermarket-to-open-at-these-metro-stations-details-article-113255224
Chennai: Power Supply To Be Suspended In THESE Areas On September 11-Details,https://www.timesnownews.com/chennai/chennai-power-supply-to-be-suspended-in-these-areas-on-september-11-details-article-113232589
IAF Helicopter Makes Emergency Landing On Paddy Field Due To Technical Snag,https://www.timesnownews.com/chennai/iaf-helicopter-makes-emergency-landing-on-paddy-field-near-porpandal-due-to-technical-snag-article-113201005
Chennai: Several Parts Of City To Face Power Cuts On September 10-Check List of Affected Areas,https://www.timesnownews.com/chennai/chennai-several-parts-of-city-to-face-power-cuts-on-september-10-check-list-of-affected-areas-article-113192193
Pune,https://www.timesnownews.com/pune
 EY Pune Faces Outrage As Mother Reveals Shocking Details Of CA's Death Due To Overwork,https://www.timesnownews.com/pune/ey-pune-faces-outrage-as-mother-reveals-shocking-details-of-cas-death-due-to-overwork-article-113434689
 Pune to Aurangabad Travel Time to Be Cut Down to 2 Hours After Mumbai-Bangalore Highway Opens: Gadkari,https://www.timesnownews.com/pune/pune-to-aurangabad-travel-time-to-be-cut-down-to-2-hours-after-mumbai-bangalore-highway-opens-article-113424412
 Pune To See Rain On Ganesh Visarjan Day; Will Heavy Showers Hinder Last Day of Ganeshotsav?,https://www.timesnownews.com/pune/pune-to-see-rain-on-ganesh-visarjan-day-will-heavy-showers-hinder-last-day-of-ganeshotsav-article-113409647
" Pune Man's 3-Stage 'Drishyam' Plan: Hid Lover's Body, Misled Cops And Sought Death Penalty In Court",https://www.timesnownews.com/pune/pune-mans-3-stage-drishyam-plan-hid-lovers-body-misled-cops-and-sought-death-penalty-in-court-article-113391550
 'Files Move Faster If You Add Weight': Gadkari Blames 'Newton's Fathers' For Bureaucratic Delays,https://www.timesnownews.com/india/files-move-faster-if-you-add-weight-nitin-gadkari-blames-newtons-fathers-for-bureaucratic-delays-article-113390277
"Pune Man Leaves Home After Fighting With Wife, Shares 'Last Location' Before Jumping Into River",https://www.timesnownews.com/pune/pune-man-leaves-home-after-fighting-with-wife-shares-last-location-before-jumping-into-river-article-113390258
14-Lane Road Near Atal Setu To Slash Mumbai-Pune Expressway Traffic By 50%: Nitin Gadkari,https://www.timesnownews.com/mumbai/14-lane-road-near-atal-setu-to-slash-mumbai-pune-expressway-traffic-by-50-per-cent-nitin-gadkari-article-113380610
Will Pune Witness More Rain This Week? Check IMD Forecast,https://www.timesnownews.com/pune/will-pune-witness-more-rain-this-week-check-imd-forecast-article-113378176
"Leopard Attack In Pune Caught On CCTV, Pet Dog Falls Prey To The Big Cat",https://www.timesnownews.com/pune/leopard-attack-in-pune-caught-on-cctv-pet-dog-falls-prey-to-the-big-cat-article-113367641
"Pune Horror! 6 Dogs Attack 5-year-Old Child, Leave Him Severely Injured: VIDEO",https://www.timesnownews.com/pune/pune-horror-6-dogs-attack-5-year-old-child-leave-him-severely-injured-video-article-113367169
Long-Weekend Incoming: Pune Admin Announces Holiday on Monday for Eid-E-Milad; DETAILS,https://www.timesnownews.com/pune/long-weekend-incoming-pune-admin-announces-holiday-on-monday-for-eid-e-milad-details-article-113366584
"Pune Alert! 202 Dengue Cases, 176 Of Chikungunya & 101 Of Zika Virus Reported; What Led To The Spread?",https://www.timesnownews.com/pune/pune-on-alert-amid-increase-in-dengue-chikungunya-and-zika-virus-cases-article-113363188
Pune: Residents Enjoy 'Rare Days' of Pleasant Weather as Humidity Set to Return Soon: Check Forecast,https://www.timesnownews.com/pune/punekars-enjoy-rare-days-of-pleasant-weather-as-humidity-set-to-return-soon-check-forecast-article-113360094
"Scammer Threatens Pune Man with Arrest in Fake Drug Parcel Case, Cheats Him of Rs 1.26 Crores",https://www.timesnownews.com/pune/scammer-threatens-pune-man-with-arrest-in-fake-drug-parcel-case-cheats-him-of-rs-1-26-crores-article-113353065
Pune: Planning To Head Out Today? Check The Weather Forecast First,https://www.timesnownews.com/pune/pune-rains-planning-to-head-out-today-check-the-imd-weather-forecast-first-article-113306940
Noida,https://www.timesnownews.com/city/noida
 Noida Metro Authority To Commercially Develop 3 New Plots Near High-Rise Buildings,https://www.timesnownews.com/city/noida/noida-metro-authority-to-commercially-develop-3-new-plots-near-high-rise-buildings-article-113432744
 Noida Plots Alert! 1.2K Sites Identified for Allotment under Upcoming Schemes for Multiple Purposes,https://www.timesnownews.com/city/noida/noida-plots-alert-1-2k-sites-identified-for-allotment-under-upcoming-schemes-for-multiple-purposes-article-113421211
 Noida: Check These Diversions As You Head Out For Ganesh Visarjan,https://www.timesnownews.com/city/noida/noida-traffic-advisory-check-these-diversions-as-you-head-out-for-ganesh-visarjan-article-113409508
" Noida's Botanical Garden-Mayur Vihar Stretch Set for Revamp; To Ease Traffic at Sectors 18,16,15",https://www.timesnownews.com/city/noida/noidas-botanical-garden-mayur-vihar-stretch-set-for-revamp-to-ease-traffic-at-sectors-181615-article-113384106
" Greater Noida's Premium Society Supplies Water with Bleaching Powder; 100 Fall Sick, Others Alarmed",https://www.timesnownews.com/city/noida/greater-noidas-premium-society-supplies-water-with-bleaching-powder-100-fall-sick-others-alarmed-article-113362191
"After Days Of Pleasant Rainy Weather, Noida Residents To Face Heat? Check IMD Forecast",https://www.timesnownews.com/city/noida/noida-weather-after-days-of-pleasant-rainy-weather-residents-to-face-heat-check-imd-forecast-article-113360288
Noida: How A 44-Yr-Old Duped Of Rs 27 Lakh In SIM Card 'Hacking'; Here's The Major Mistake,https://www.timesnownews.com/city/noida/how-a-44-yr-old-duped-of-rs-27-lakh-in-sim-card-hacking-heres-the-major-mistake-article-113342476
"6-Year-Old Noida Student 'Inappropriately' Touched, Parents Protest  At School: VIDEO",https://www.timesnownews.com/city/noida/6-year-old-noida-student-inappropriately-touched-parents-protest-at-school-video-article-113293902
Yamuna Expressway Authority To Launch Residential Plots Scheme This Navratri; Check Location & Prices,https://www.timesnownews.com/city/noida/yamuna-expressway-authority-to-launch-residential-plots-scheme-this-navratri-near-noida-airport-checkprices-article-113286658
"Heavy Rainfall Leaves Noida Streets Waterlogged, Traffic Affected—VIDEO",https://www.timesnownews.com/city/noida/heavy-rainfall-leaves-noida-streets-waterlogged-traffic-affectedvideo-article-113246841
Noida: Traffic Advisory Issued Ahead Of PM Modi's Visit-Check Diversions,https://www.timesnownews.com/city/noida/noida-traffic-advisory-issued-ahead-of-pm-modis-visit-check-diversions-article-113235881
"IKEA’s Grand Noida Project Launched: Rs 5,500 Crore Investment to Transform Sector 51 by 2028",https://www.timesnownews.com/city/noida/ikeas-grand-noida-project-launched-rs-5500-crore-investment-to-transform-sector-51-by-2028-article-113221070
Noida Hospitals Save Patient with 15-Hour Surgery After Noting Unusual Voice Hoarseness,https://www.timesnownews.com/city/noida/noida-hospitals-save-patient-with-15-hour-surgery-after-noting-unusual-voice-hoarseness-article-113219035
"Bridge Across Hindon River To Boost Noida-Greater Noida Connectivity, Completion Expected By 2026",https://www.timesnownews.com/city/noida/bridge-across-hindon-river-to-boost-noida-greater-noida-connectivity-completion-expected-by-2026-article-113196812
Noida-Greater Noida Expressway To Get 2 New Underpasses; Check Which Sectors Will Benefit,https://www.timesnownews.com/city/noida/noida-greater-noida-expressway-to-get-2-more-underpasses-check-which-sectors-will-benefit-article-113188721
Gurugram,https://www.timesnownews.com/city/gurugram
 Employee Gives Tour Of World's Largest American Express Office Located In Gurugram: VIDEO,https://www.timesnownews.com/city/gurugram/employee-gives-tour-of-worlds-largest-american-express-office-located-in-gurugram-video-article-113391627
" Faridabad Drowning: 'They Ignored Warnings, thought Big Vehicle would Pass But...,' Claim Police",https://www.timesnownews.com/city/gurugram/faridabad-drowning-they-ignored-warnings-thought-big-vehicle-would-pass-but-claims-police-article-113365125
 ED Arrests Gurugram Residents for Taking Illegal Possession of Property,https://www.timesnownews.com/city/gurugram/ed-arrests-gurugram-residents-for-taking-illegal-possession-of-property-article-113353631
 Gurugram Civic Body Is Yet To Acquire Land It Was Allotted 8 Years Ago For A Cultural Complex,https://www.timesnownews.com/city/gurugram/gurugram-civic-body-is-yet-to-acquire-land-it-was-allotted-8-years-ago-for-a-cultural-complex-article-113292293
 Traffic to Remain Affected Between Gurugram and Mahipalpur for 60 Days—Here’s Why,https://www.timesnownews.com/delhi/delhi-traffic-advisory-avoid-service-road-on-nh-48-from-dwarka-link-road-to-mahipalpur-for-the-next-2-monthsheres-why-article-113242962
Haryana Polls: Congress Announces Candidates For Seats In Gurugram And Badshahpur-See Details,https://www.timesnownews.com/city/gurugram/haryana-polls-congress-announces-candidates-for-assembly-elections-see-details-article-113218406
'God Exists': Gurugram Auto Driver Returns Woman's Lost Bag With Diamond Pendant,https://www.timesnownews.com/city/gurugram/god-exists-gurugram-auto-driver-returns-womans-lost-bag-with-diamond-pendant-article-113199510
How Bihar Man Fluent In Mandarin Duped Gurugram Resident Of Rs 78 Lakh In Cyber Fraud,https://www.timesnownews.com/city/gurugram/how-bihar-man-fluent-in-mandarin-duped-gurugram-resident-of-rs-78-lakh-in-cyber-fraud-article-113099117
"Which City Is More Livable, Gurugram Or Noida? Responses To Post On X Are A Must Read",https://www.timesnownews.com/city/gurugram/which-city-is-more-livable-gurugram-or-noida-responses-to-post-on-x-are-a-must-read-article-113079620
"No Rain in Gurugram After Heavy Downpour: Frustrated Resident Advises, 'Don’t Buy Property Here'",https://www.timesnownews.com/city/gurugram/weather-forecast-gurgaon-no-rain-in-gurugram-after-heavy-downpour-frustrated-resident-advises-dont-buy-property-here-article-113077552
"Gurugram Roads Turn Into Mini 'Lakes' After Rain; Netizen Says, 'Officers Should Take a Holy Dip'",https://www.timesnownews.com/city/gurugram/gurugram-roads-turn-into-mini-lakes-after-rain-netizen-says-officers-should-take-a-holy-dip-article-113067445
Haryana Elections 2024: Over 14.87 Lakh Gurugram Voters Eligible To Exercise Franchise On Oct 5,https://www.timesnownews.com/city/gurugram/haryana-elections-2024-over-14-87-lakh-gurugram-voters-eligible-to-exercise-franchise-on-oct-5-gurgaon-article-112998443
"Over 15k Cases Of Drunk Driving Recorded This Year, Gurugram Traffic Police Intensifies Night Checks",https://www.timesnownews.com/city/gurugram/over-15k-cases-of-drunk-driving-recorded-this-year-gurugram-traffic-police-intensifies-night-checks-article-112901222
"Man Kills 70-Year-Old Mother After She Refuses To Give Money For Liquor In Gurugram, Arrested",https://www.timesnownews.com/city/gurugram/man-kills-70-year-old-mother-after-she-refuses-to-give-money-for-liquor-in-gurugram-arrested-article-112842915
Gurugram and Badshahpur Campaigns Heat Up As Haryana BJP Seeks Election Postponement,https://www.timesnownews.com/city/gurugram/gurugram-and-badshahpur-campaigns-heat-up-as-haryana-bjp-seeks-election-postponement-article-112800340
Ghaziabad,https://www.timesnownews.com/city/ghaziabad
" Roads, Parks, and Streetlights! Ghaziabad Prepares for Major Infra Revamp in 10 Industrial Areas",https://www.timesnownews.com/city/ghaziabad/roads-parks-and-streetlights-ghaziabad-prepares-for-major-infra-revamp-in-10-industrial-areas-article-113412914
" Ghaziabad Man, Minor Partner Thrashed For 'Mixing' Urine With Juice, Detained",https://www.timesnownews.com/city/ghaziabad/ghaziabad-man-minor-partner-thrashed-for-mixing-urine-with-juice-detained-article-113340328
" Frog Leg Found in Samosa at Popular Ghaziabad Sweet Shop, Video Goes Viral",https://www.timesnownews.com/viral/frog-leg-found-in-samosa-at-popular-ghaziabad-sweet-shop-video-goes-viral-article-113285880
 New Metro Line To Connect North-East Delhi With Trans Hindon Area In Ghaziabad,https://www.timesnownews.com/delhi/new-metro-line-to-connect-north-east-delhi-with-trans-hindon-area-in-ghaziabad-article-113263970
 Ghaziabad Hospital Owner Arrested for Blackmailing Gynaecologist With Objectionable Photos,https://www.timesnownews.com/city/ghaziabad/ghaziabad-hospital-owner-arrested-for-blackmailing-gynaecologist-with-objectionable-photos-article-113251728
What Is Ghaziabad Master Plan-2031? All You Need To Know,https://www.timesnownews.com/city/ghaziabad/what-is-ghaziabad-master-plan-2031-all-you-need-to-know-article-113230594
"With Swanky Coaches And Numerous Facilities, Meerut Metro To Bring City Closer To Delhi: PICS",https://www.timesnownews.com/delhi/meerut-metro-with-swanky-coaches-and-numerous-facilities-to-bring-city-closer-to-delhi-rrts-ghaziabad-duhai-article-113152745
Ghaziabad Sees Drop in Crimes Against Women as Pink Booths Mark One Year,https://www.timesnownews.com/city/ghaziabad/ghaziabad-sees-drop-in-crimes-against-women-as-pink-booths-mark-one-year-article-113069189
"Video Shows Youth Hanging Out Of SUV With Police Siren On, Performing Stunts In Ghaziabad",https://www.timesnownews.com/city/ghaziabad/ghaziabad-news-video-shows-youth-hanging-out-of-suv-with-police-siren-on-performing-stunts-in-ghaziabad-article-113065729
"Ghaziabad Scrap Dealer Rapes Minor: Angry Mob Vandalises Shops, Blocks Traffic, Set Vehicles On Fire",https://www.timesnownews.com/city/ghaziabad/ghaziabad-scrap-dealer-rapes-minor-angry-mob-vandalises-shops-blocks-traffic-set-vehicles-on-fire-article-112911060
How Cop's Son Faked Kidnapping To Demand Rs 1 Lakh From His Own Family,https://www.timesnownews.com/city/ghaziabad/how-cops-son-faked-kidnapping-to-demand-rs-1-lakh-from-his-own-family-article-112853995
Ghaziabad Property Circle Rate Likely To Go Up Next Month: Report,https://www.timesnownews.com/city/ghaziabad/ghaziabad-property-circle-rate-likely-to-go-up-next-month-report-article-112739639
Switch Seamlessly from Delhi Metro to Rapid Rail: How QR-Based Ticketing Simplifies Your Journey,https://www.timesnownews.com/city/ghaziabad/switch-seamlessly-from-delhi-metro-to-rapid-rail-how-qr-based-ticketing-simplifies-your-journey-article-112697018
Ghaziabad Couple Loses Rs 3 Crore In Investment Scam Through A Facebook Advertisement,https://www.timesnownews.com/city/ghaziabad/ghaziabad-couple-loses-rs-3-crore-in-investment-scam-through-a-facebook-advertisement-article-112621321
Meerut To Sahibabad In Just 30 Minutes: Here’s How,https://www.timesnownews.com/city/ghaziabad/delhi-ghaziabad-meerut-rrts-corridor-meerut-to-sahibabad-in-just-30-minutes-with-namo-bharat-train-article-112616843
Ahmedabad,https://www.timesnownews.com/city/ahmedabad
" Ahmedabad-Bhuj Vande Metro: Rs 30 For 1 Km Travel, Rs 630 For 500 kms",https://www.timesnownews.com/city/ahmedabad/ahmedabad-bhuj-vande-metro-rs-30-for-1-km-travel-rs-630-for-500-kms-article-113411770
" Ahmedabad To Gandhinagar In 45 Mins! PM Modi Flags off Metro Phase 2, Takes Ride To GIFT City",https://www.timesnownews.com/city/ahmedabad/pm-modi-flags-off-ahmedabad-gandhinagar-phase-2-metro-gift-city-ahmedabad-gandhinagar-in-45-minutes-article-113388616
" PM Modi To Flag Off Ahmedabad-Bhuj Vande Bharat Metro, Check City's Weather Forecast For Today",https://www.timesnownews.com/city/ahmedabad/pm-modi-to-flag-off-ahmedabad-bhuj-vande-bharat-metro-check-citys-weather-forecast-for-today-article-113387054
" Ahmedabad-Bhuj Vande Bharat Metro, To Be Launched By PM Modi, Renamed To 'Namo Bharat Rapid Rail'",https://www.timesnownews.com/city/ahmedabad/ahmedabad-bhuj-india-first-vande-bharat-metro-to-be-launched-by-pm-modi-renamed-to-namo-bharat-rapid-rail-article-113387638
 India To Get Its First Vande Bharat Metro Between Bhuj-Ahmedabad Today; Check Schedule,https://www.timesnownews.com/city/ahmedabad/first-vande-bharat-metro-services-in-ahmedabad-gujrat-india-pm-narendra-modi-to-inaugurate-check-routes-timings-schedule-article-113380447
"Ahmedabad to Gandhinagar in 45 Minutes with New Metro Rail Extension, Details Inside",https://www.timesnownews.com/city/ahmedabad/ahmedabad-to-gandhinagar-in-45-minutes-with-new-metro-rail-extension-details-inside-article-113364378
Ahmedabad Traffic Alert: City Police Issues Advisory For Milad Julus Procession on Sep 16,https://www.timesnownews.com/city/ahmedabad/ahmedabad-traffic-alert-city-police-issues-advisory-for-milad-julus-procession-on-sep-16-article-113360712
How Will New Metro Route from Koteshwar Road to Ahmedabad Airport Benefit Commuters?,https://www.timesnownews.com/city/ahmedabad/how-will-new-metro-route-from-koteshwar-road-to-ahmedabad-airport-benefit-commuters-article-113360420
"PM Modi's Ahmedabad Visit: City's Several Routes Diverted On Monday, Check Full Advisory",https://www.timesnownews.com/city/ahmedabad/pm-modis-ahmedabad-visit-citys-several-routes-diverted-on-monday-check-full-advisory-article-113350547
"8 Drown During Ganesh Idol Immersion Near Ahmedabad, PM Modi Announces Rs 2 Lakh Ex Gratia",https://www.timesnownews.com/city/ahmedabad/8-drown-during-ganesh-idol-immersion-near-ahmedabad-pm-modi-announces-rs-2-lakh-ex-gratia-article-113347663
Ahmedabad-Based Firm To Invest Rs 200 Cr For 100 Cervical Cancer Screening Labs Across Country,https://www.timesnownews.com/city/ahmedabad/ahmedabad-based-firm-to-invest-rs-200-cr-for-100-cervical-cancer-screening-labs-across-country-article-113294430
PM Modi To Flag Off Second Phase Of Ahmedabad Metro On Sept 16: Key Details of the Project,https://www.timesnownews.com/city/ahmedabad/pm-modi-to-flag-off-second-phase-of-ahmedabad-metro-on-sept-16-key-details-of-the-project-article-113268371
Ahmedabad-Bhuj Vande Bharat Train To Reduce Travel Time By 1.5 Hours; Check Its Facilities,https://www.timesnownews.com/city/ahmedabad/ahmedabad-bhuj-vande-bharat-train-to-reduce-travel-time-by-1-5-hours-check-its-facilities-article-113264333
Mumbai-Ahmedabad Bullet Train: 1.75 Lakh Noise Barriers Installed On 87.5 km Viaduct,https://www.timesnownews.com/mumbai/mumbai-ahmedabad-bullet-train-1-75-lakh-noise-barriers-installed-on-87-5-km-viaduct-article-113229707
Ahmedabad On Yellow Alert For Thunderstorm Amid Heavy Rainfall in Gujarat; Check IMD Forecast,https://www.timesnownews.com/city/ahmedabad/ahmedabad-on-yellow-alert-for-thunderstorm-amid-heavy-rainfall-in-gujarat-check-imd-forecast-article-113213307
Arvind Kejriwal Resignation,https://www.timesnownews.com/delhi/arvind-kejriwal-quits-as-delhi-chief-minister-submits-resignation-before-lieutenant-governor-vk-saxena-article-113422562
FOMC US Fed Rate Cut Meeting,https://www.timesnownews.com/business-economy/economy/fomc-us-fed-rate-cut-meeting-2024-live-updates-liveblog-113422944
Hezbollah Pager Explosion,https://www.timesnownews.com/world/middle-east/massive-pager-explosions-hit-hezbollah-biggest-security-lapse-in-year-long-conflict-injuring-hundreds-article-113432201
Aishwarya Rai,https://www.timesnownews.com/entertainment-news/bollywood/aishwarya-rai-started-coming-to-salman-khans-galaxy-gym-and-somy-ali-says-she-soon-knew-it-was-time-to-pack-up-exclusive-article-113430415
JSSC CGL Admit Card 2024,https://www.timesnownews.com/education/jssc-cgl-admit-card-2024-today-on-jssc-nic-in-heres-how-to-check-article-113419693
Pitru Paksha Shraddha,https://www.timesnownews.com/spiritual/pitru-paksha-2024-begins-today-check-shraddha-rituals-and-significance-start-date-and-time-article-113414366
Property Market Value Calculator,https://www.etnownews.com/magic-bricks-property
Chandra Grahan Timings,https://www.timesnownews.com/technology-science/chandra-grahan-2024-when-will-september-lunar-eclipse-happen-india-visibility-timings-and-more-details-article-113413797
World Patient Safety Day,https://www.timesnownews.com/health/world-patient-safety-day-2024-check-here-the-date-theme-history-and-significance-of-the-day-article-113400952
Retired IFS Officer,https://www.timesnownews.com/viral/retired-ifs-officer-shares-wifes-detailed-vegetable-shopping-guide-internet-in-splits-article-113369319
Pitru Paksha 2024,https://www.timesnownews.com/lifestyle/food/news/pitru-paksha-2024-foods-to-eat-and-avoid-during-the-festival-article-113407627
Mpox Symptoms,https://www.timesnownews.com/web-stories/health/9-distinct-signs-of-mpox-that-you-should-know/photostory/113396359.cms
Shocking: Woman Dies Of Heart Attack In Valsad During Son's 5th Birthday Party- Video,https://www.timesnownews.com/india/shocking-woman-dies-of-heart-attack-in-valsad-during-sons-5th-birthday-party-video-article-113434062
'Will Remove You From Court': CJI Rebukes Lawyer Seeking Mamata Banerjee's Resignation over RG Kar Case,https://www.timesnownews.com/india/will-remove-you-from-court-cji-chandrachud-rebukes-lawyer-seeking-mamata-banerjees-resignation-over-rg-kar-case-article-113432324
"Army Vehicle Plunges Into Gorge In J&K's Rajouri, Four Soldiers Injured",https://www.timesnownews.com/india/army-vehicle-plunges-into-gorge-in-jks-rajouri-four-soldiers-injured-article-113433534
"IAF’s New Training Syllabus: Prioritising Drones For Safer, Cheaper, And More Precise Operations",https://www.timesnownews.com/india/iafs-new-training-syllabus-prioritising-drones-for-safer-cheaper-and-more-precise-operations-article-113430829
"Big Rail Accident Averted! Delhi-Bound Swatantra Senani Express Hits Wooden Log, Dodges Derailment",https://www.timesnownews.com/india/big-rail-accident-averted-delhi-bound-swatantra-senani-express-hits-wooden-log-dodges-derailment-article-113425721
"Nipah Virus Kills Student In Kerala's Malappuram, Tamil Nadu To Enhance Surveillance At Border",https://www.timesnownews.com/india/nipah-virus-kills-student-in-keralas-malappuram-tamil-nadu-to-enhance-surveillance-at-border-article-113425419
Exclusive: What Next For Arvind Kejriwal After His Resignation As Delhi CM?,https://www.timesnownews.com/india/exclusive-what-next-for-arvind-kejriwal-after-his-resignation-as-delhi-cm-article-113426076
Who Is Vineet Goyal And Why Junior Doctors Demanded His Removal From Kolkata CP Post,https://www.timesnownews.com/india/who-is-vineet-goyal-and-why-junior-doctors-demanded-removal-of-kolkata-cp-article-113424561
"Nagpur Horror: 9-Year-Old Raped In Front of Sister, Attacker Still Missing",https://www.timesnownews.com/india/nagpur-horror-9-year-old-assaulted-in-front-of-sister-attacker-still-missing-article-113425036
Scam Busted! News About Amitabh Bachchan's Death With Times Now Logo Is FAKE,https://www.timesnownews.com/india/scam-busted-news-about-amitabh-bachchans-death-with-times-now-logo-is-fake-article-113422998
"'Happy Bday Modiji': Amit Shah, President Murmu, Rajinikanth, Others Extend Wishes As PM Turns 74",https://www.timesnownews.com/india/happy-bday-modiji-amit-shah-president-murmu-rajinikanth-others-extend-wishes-as-pm-turns-74-article-113420022
'It's An Open Court': Why CJI Denied Kapil Sibal's 'No Live Streaming' Request For Kolkata Case Hearing,https://www.timesnownews.com/india/kapil-sibal-requests-no-live-streaming-of-kolkata-case-hearing-cji-says-its-an-open-court-article-113423054
NDA Govt Approved Infra Projects Worth Rs 3 Lakh Crore In First 100 Days In Office: Amit Shah,https://www.timesnownews.com/india/nda-govt-approved-infra-projects-worth-rs-3-lakh-crore-in-first-100-days-in-office-amit-shah-article-113423291
Supreme Court's BIG Verdict On Bulldozer Action: No Demolition Till October 1,https://www.timesnownews.com/india/breaking-news-scs-big-verdict-on-bulldozer-action-no-demolition-till-october-1-article-113422318
'Those Tearing Apart Society…': PM Modi Takes On Congress Over Criticism On Visit To CJI's Home For Ganpati Puja,https://www.timesnownews.com/india/congress-its-ecosystem-angry-with-me-for-participating-in-ganesh-puja-at-cjis-residence-pm-modi-article-113420846
"'Seek Rajya Sabha Ticket From BJP': AAP Talks Tough, Asks Swati Maliwal To Quit Over Atishi Remarks",https://www.timesnownews.com/india/aap-asks-swati-maliwal-to-quit-rajya-sabha-over-remarks-on-atishi-article-113421213
'Sad Day For Delhi': Swati Maliwal Echoes BJP In Her No-Holds-Barred Attack At 'Dummy CM' Atishi,https://www.timesnownews.com/india/sad-day-for-delhi-swati-maliwal-echoes-bjp-in-her-no-holds-barred-attack-at-dummy-cm-atishi-article-113418341
"'Pilots, Women In Army All Work At Night': Supreme Court Raps Bengal Govt Over Night Shift Diktat",https://www.timesnownews.com/india/supreme-court-raps-bengal-govt-over-night-shift-diktat-for-women-doctors-cji-kolkata-rape-murder-case-article-113417743
"In BJP's First Strike At Next Delhi CM Atishi, A Reference Of Afzal Guru",https://www.timesnownews.com/india/aap-announces-arvind-kejriwals-replacement-puppet-cm-says-bjp-article-113416944
Who Is Atishi? Meet New Delhi CM Who Will Replace Arvind Kejriwal,https://www.timesnownews.com/india/aap-ki-atishi-meet-new-delhi-cm-who-will-replace-arvind-kejriwal-article-113415272
Why Arvind Kejriwal Chose Atishi As New Chief Minister,https://www.timesnownews.com/india/why-arvind-kejriwal-chose-atishi-as-new-chief-minister-article-113416128
Kolkata Rape-Murder Case Hearing LIVE: SC Directs Wikipedia To Take Down Name and Photo Of Victim,https://www.timesnownews.com/india/kolkata-doctor-rape-murder-case-supreme-court-hearing-today-live-updates-rg-kar-hospital-article-113414652
"Atishi Elected As Delhi CM After Arvind Kejriwal's Shock Resignation, What's Next?",https://www.timesnownews.com/india/breaking-atishi-to-be-new-delhi-cm-say-sources-article-113415053
Minutes Of Meeting Of Mamata Banerjee's Talks With Doctors: 3 Big Takeaways,https://www.timesnownews.com/india/kolkata-rape-murder-case-minutes-of-meeting-of-mamata-banerjees-talks-with-doctors-3-big-takeaways-article-113412885
Visual Stories,https://www.timesnownews.com/web-stories/india
Port Blair To Allahabad: 5 Indian Cities Whose Name Was Changed,https://www.timesnownews.com/web-stories/india/port-blair-to-allahabad-5-indian-cities-whose-name-was-changed/photostory/113333789.cms
Why Airplanes Have Round Windows: 5 Facts,https://www.timesnownews.com/web-stories/india/why-airplanes-have-round-windows-5-facts/photostory/113332447.cms
5 Major Wars Fought By Indian Army,https://www.timesnownews.com/web-stories/india/5-major-wars-fought-indian-army/photostory/113170535.cms
5 Images That Prove India Is Unique,https://www.timesnownews.com/web-stories/india/5-images-that-prove-india-is-unique/photostory/113168627.cms
Cities,https://www.timesnownews.com/city
"Dry Day In Bengaluru, Hyderabad and Pune Till September 18,Details",https://www.timesnownews.com/city/dry-day-in-bengaluru-hyderabad-and-pune-till-september-18details-article-113392822
"Haryana Reports 123 Malaria Infection, Highest In 4 Yrs: Check Number Of Cases In Gurugram, Faridabad",https://www.timesnownews.com/city/haryana-reports-123-malaria-infection-highest-in-4-yrs-check-number-of-cases-in-gurugram-faridabad-article-113389310
"2nd Nipah Virus Death In Malappuram: Restrictions Imposed, Theatres Shut And Masks Made Mandatory",https://www.timesnownews.com/city/2nd-nipah-virus-death-in-malappuram-restrictions-imposed-theatres-shut-and-masks-made-mandatory-businesses-schools-colleges-anganwadis-shut-article-113385000
"Civic Apathy Kills Again, 2 Men Die In Faridabad After Their SUV Sinks In Waterlogged Underpass",https://www.timesnownews.com/city/civic-apathy-kills-again-2-men-die-in-faridabad-after-their-suv-submerges-in-waterlogged-underpass-article-113341645
"Viral Video: Cops Line Up Seized Liquor Bottle For Disposal, Locals Grab and Run Off",https://www.timesnownews.com/city/viral-video-andhra-cops-line-up-seized-liquor-bottle-worth-rs-50-lakh-for-disposal-locals-grab-and-run-off-article-113247005
Mumbai,https://www.timesnownews.com/mumbai
Mumbai Businessman's Nude Video Used To Extort Rs 2.5 Lakh By Man Posing As Woman On Facebook,https://www.timesnownews.com/mumbai/mumbai-businessmans-nude-video-used-to-extort-rs-2-5-lakh-by-man-posing-as-woman-on-facebook-article-113426546
Agle Baras Tu Jaldi Aana! Ganesh Idols Immersion Begins Across Mumbai On Visarjan Day-Visuals,https://www.timesnownews.com/mumbai/ganesh-idols-immersion-begins-in-mumbai-and-across-maharashtra-on-visarjan-day-visuals-article-113421719
Mumbai's Andheri To Face Water Supply Cut From Sept 19-20; Check List Of Affected Areas,https://www.timesnownews.com/mumbai/mumbais-andheri-to-face-water-supply-cut-from-sept-19-20-check-list-of-affected-areas-article-113416531
How Will The Weather Be In Mumbai Today? Check IMD Forecast,https://www.timesnownews.com/mumbai/how-will-the-weather-be-in-mumbai-today-check-imd-forecast-article-113407850
"Ganesh Visarjan: Mumbai Fortified With Over 28K Security Personnel, 10 SRPF Companies And 10000 CCTV",https://www.timesnownews.com/mumbai/ganesh-visarjan-mumbai-fortified-with-over-28k-security-personnel-10-srpf-companies-and-10000-cctv-article-113396459
Delhi,https://www.timesnownews.com/delhi
Inside RASA Festival In Delhi: A Tribute To India’s Cultural Heritage Through Classical Music | Pics,https://www.timesnownews.com/delhi/inside-rasa-festival-in-delhi-a-tribute-to-indias-cultural-heritage-through-classical-music-pics-article-113434940
Munawar Faruqui's Delhi Event Sees High Drama - Why Comedian Was Rushed To Mumbai?,https://www.timesnownews.com/delhi/munawar-faruquis-delhi-event-sees-high-drama-why-comedian-was-rushed-to-mumbai-article-113432707
"Lightning, Winds, and Rain: Sudden Change in Delhi Weather – Impact of Cyclone Yagi?",https://www.timesnownews.com/delhi/lightening-winds-rain-sudden-change-in-delhi-weather-is-this-cyclone-yagi-impact-article-113430133
IndiGo Flight From Delhi - Bengaluru Suffers Major Tailstrike,https://www.timesnownews.com/delhi/indigo-flight-from-delhi-bengaluru-suffers-major-tailstrike-article-113427417
"Arvind Kejriwal Submits Resignation As Delhi CM, Atishi Stakes Claim To Form Govt",https://www.timesnownews.com/delhi/arvind-kejriwal-quits-as-delhi-chief-minister-submits-resignation-before-lieutenant-governor-vk-saxena-article-113422562
Kolkata,https://www.timesnownews.com/kolkata
Who Is Manoj Verma? Kolkata's New Police Commissioner Replacing Vineet Goyal,https://www.timesnownews.com/kolkata/who-is-manoj-verma-kolkatas-new-police-commissioner-replacing-vineet-goyal-article-113425321
"Kolkata Overcomes Rainfall Deficit, IMD Predicts More Rain; Will It Lead to Monsoon Surplus?",https://www.timesnownews.com/kolkata/kolkata-overcomes-rainfall-deficit-imd-predicts-more-rain-will-it-surpass-monsoon-average-article-113408540
"Kolkata Horror: Sandip Ghosh Gives 'Deceptive' Replies in Polygraph Test, SHO Mondal Entry was 'False'",https://www.timesnownews.com/kolkata/kolkata-horror-sandip-ghosh-gives-deceptive-replies-in-polygraph-test-sho-mondal-entry-was-false-article-113386375
'Nexus Between' Sandip Ghosh And SHO Abhijit Mondol: CBI's Probe Plan In Doctor's Murder Case,https://www.timesnownews.com/india/nexus-between-sandip-ghosh-and-sho-abhijit-mondol-cbis-probe-plan-in-doctors-murder-case-article-113371310
Rift Within Doctors? TMC's Kunal Ghosh Claims 'Audio Clip' Hints A Section Of Medics Want...,https://www.timesnownews.com/kolkata/rift-within-doctors-mamata-banerjee-tmcs-kunal-ghosh-claims-audio-clip-hints-a-section-of-medics-want-article-113370195
Bengaluru,https://www.timesnownews.com/bengaluru
How A Non-Kannadiga Bengaluru Man Used Google Translator To Ensure Safety Of Sanitation Workers,https://www.timesnownews.com/bengaluru/how-a-non-kannadiga-used-google-translator-to-ensure-safety-of-sanitation-workers-article-113434680
VIDEO: Leopard Strolls Across Road In Bengaluru As Man Walks Unaware In Scary Footage,https://www.timesnownews.com/bengaluru/video-leopard-strolls-across-road-in-bengaluru-as-man-walks-unaware-in-scary-footage-article-113427781
Bengaluru: Man's Suicide Bid At Metro Station Foiled by Alert Staff,https://www.timesnownews.com/bengaluru/bengaluru-mans-suicide-bid-at-metro-station-foiled-by-alert-staff-article-113424259
Bengaluru's Free Wi-Fi Initiative Halted After Only One Company Shows Interest,https://www.timesnownews.com/bengaluru/bengalurus-free-wi-fi-initiative-halted-after-only-one-company-shows-interest-article-113423491
"'Why Not Speak Kannada?': Driver Argues With Toll Booth Worker For Using Hindi, Who Responds...",https://www.timesnownews.com/bengaluru/why-not-speak-kannada-driver-argues-with-toll-booth-worker-for-using-hindi-who-responds-article-113422982
Hyderabad,https://www.timesnownews.com/hyderabad
Hyderabad: Father Accidentally Runs Over 3-Year-Old Son While Reversing Truck,https://www.timesnownews.com/hyderabad/hyderabad-father-accidentally-runs-over-3-year-old-son-while-reversing-truck-article-113430752
"After FedEx Scams, Cyber Fraudsters In Hyderabad Wield New Weapon To Dupe People -India Post",https://www.timesnownews.com/hyderabad/after-fedex-scams-cyber-fraudsters-in-hyderabad-wield-new-weapon-to-dupe-people-india-post-article-113398580
"Hyderabad Student In Canada For Brother's Birthday, Drowns While Swimming In Lake",https://www.timesnownews.com/hyderabad/hyderabad-student-praneeth-in-canada-for-brothers-birthday-drowns-while-swimming-in-toronto-lake-video-article-113398251
Hyderabad Man Kills Self After Loan App Agent Blackmails With Wife's Nude Pic,https://www.timesnownews.com/hyderabad/hyderabad-man-kills-self-after-loan-app-agent-blackmail-him-with-wifes-morphed-nude-pic-over-rs-2000-article-113395382
National Award-Winning Choreographer Booked By Hyderabad Police For 'Raping' Colleague,https://www.timesnownews.com/hyderabad/national-award-winning-choreographer-jani-master-booked-by-hyderabad-police-for-raping-colleague-article-113389186
Chennai,https://www.timesnownews.com/chennai
Chennai To Face 5-Hour Power Cut Tomorrow; Is Your Area Affected? Check List,https://www.timesnownews.com/chennai/chennai-to-face-5-hour-power-cut-tomorrow-is-your-area-affected-check-list-article-113414134
"For PM Modi's 74th Birthday, 13-Year-Old Chennai Girl Makes World's Largest Millet Painting - WATCH",https://www.timesnownews.com/chennai/for-pm-modis-74th-birthday-13-year-old-chennai-girl-makes-worlds-largest-millet-painting-watch-article-113399634
Police Detains Around 100 Protesting Samsung Employees Near Chennai; Production Halted At Sriperumbudur Plant,https://www.timesnownews.com/chennai/police-detains-around-100-protesting-samsung-employees-near-chennai-production-halted-at-sriperumbudur-plant-article-113387336
"Chennai: Residents To Witness Light Rain Today, Showers To Continue Till...",https://www.timesnownews.com/chennai/chennai-residents-to-witness-light-rain-today-showers-to-continue-till-check-imd-forecast-article-113378501
Chennai Metro Phase-2 To Get First Driverless Train By End Of This Month; What More Features It Has?,https://www.timesnownews.com/chennai/chennai-metro-phase-2-to-get-first-driverless-train-by-end-of-this-month-what-more-features-it-has-article-113362304
Pune,https://www.timesnownews.com/pune
EY Pune Faces Outrage As Mother Reveals Shocking Details Of CA's Death Due To Overwork,https://www.timesnownews.com/pune/ey-pune-faces-outrage-as-mother-reveals-shocking-details-of-cas-death-due-to-overwork-article-113434689
Pune to Aurangabad Travel Time to Be Cut Down to 2 Hours After Mumbai-Bangalore Highway Opens: Gadkari,https://www.timesnownews.com/pune/pune-to-aurangabad-travel-time-to-be-cut-down-to-2-hours-after-mumbai-bangalore-highway-opens-article-113424412
Pune To See Rain On Ganesh Visarjan Day; Will Heavy Showers Hinder Last Day of Ganeshotsav?,https://www.timesnownews.com/pune/pune-to-see-rain-on-ganesh-visarjan-day-will-heavy-showers-hinder-last-day-of-ganeshotsav-article-113409647
"Pune Man's 3-Stage 'Drishyam' Plan: Hid Lover's Body, Misled Cops And Sought Death Penalty In Court",https://www.timesnownews.com/pune/pune-mans-3-stage-drishyam-plan-hid-lovers-body-misled-cops-and-sought-death-penalty-in-court-article-113391550
'Files Move Faster If You Add Weight': Gadkari Blames 'Newton's Fathers' For Bureaucratic Delays,https://www.timesnownews.com/india/files-move-faster-if-you-add-weight-nitin-gadkari-blames-newtons-fathers-for-bureaucratic-delays-article-113390277
Noida,https://www.timesnownews.com/city/noida
Noida Metro Authority To Commercially Develop 3 New Plots Near High-Rise Buildings,https://www.timesnownews.com/city/noida/noida-metro-authority-to-commercially-develop-3-new-plots-near-high-rise-buildings-article-113432744
Noida Plots Alert! 1.2K Sites Identified for Allotment under Upcoming Schemes for Multiple Purposes,https://www.timesnownews.com/city/noida/noida-plots-alert-1-2k-sites-identified-for-allotment-under-upcoming-schemes-for-multiple-purposes-article-113421211
Noida: Check These Diversions As You Head Out For Ganesh Visarjan,https://www.timesnownews.com/city/noida/noida-traffic-advisory-check-these-diversions-as-you-head-out-for-ganesh-visarjan-article-113409508
"Noida's Botanical Garden-Mayur Vihar Stretch Set for Revamp; To Ease Traffic at Sectors 18,16,15",https://www.timesnownews.com/city/noida/noidas-botanical-garden-mayur-vihar-stretch-set-for-revamp-to-ease-traffic-at-sectors-181615-article-113384106
"Greater Noida's Premium Society Supplies Water with Bleaching Powder; 100 Fall Sick, Others Alarmed",https://www.timesnownews.com/city/noida/greater-noidas-premium-society-supplies-water-with-bleaching-powder-100-fall-sick-others-alarmed-article-113362191
Gurugram,https://www.timesnownews.com/city/gurugram
Employee Gives Tour Of World's Largest American Express Office Located In Gurugram: VIDEO,https://www.timesnownews.com/city/gurugram/employee-gives-tour-of-worlds-largest-american-express-office-located-in-gurugram-video-article-113391627
"Faridabad Drowning: 'They Ignored Warnings, thought Big Vehicle would Pass But...,' Claim Police",https://www.timesnownews.com/city/gurugram/faridabad-drowning-they-ignored-warnings-thought-big-vehicle-would-pass-but-claims-police-article-113365125
ED Arrests Gurugram Residents for Taking Illegal Possession of Property,https://www.timesnownews.com/city/gurugram/ed-arrests-gurugram-residents-for-taking-illegal-possession-of-property-article-113353631
Gurugram Civic Body Is Yet To Acquire Land It Was Allotted 8 Years Ago For A Cultural Complex,https://www.timesnownews.com/city/gurugram/gurugram-civic-body-is-yet-to-acquire-land-it-was-allotted-8-years-ago-for-a-cultural-complex-article-113292293
Traffic to Remain Affected Between Gurugram and Mahipalpur for 60 Days—Here’s Why,https://www.timesnownews.com/delhi/delhi-traffic-advisory-avoid-service-road-on-nh-48-from-dwarka-link-road-to-mahipalpur-for-the-next-2-monthsheres-why-article-113242962
Ghaziabad,https://www.timesnownews.com/city/ghaziabad
"Roads, Parks, and Streetlights! Ghaziabad Prepares for Major Infra Revamp in 10 Industrial Areas",https://www.timesnownews.com/city/ghaziabad/roads-parks-and-streetlights-ghaziabad-prepares-for-major-infra-revamp-in-10-industrial-areas-article-113412914
"Ghaziabad Man, Minor Partner Thrashed For 'Mixing' Urine With Juice, Detained",https://www.timesnownews.com/city/ghaziabad/ghaziabad-man-minor-partner-thrashed-for-mixing-urine-with-juice-detained-article-113340328
"Frog Leg Found in Samosa at Popular Ghaziabad Sweet Shop, Video Goes Viral",https://www.timesnownews.com/viral/frog-leg-found-in-samosa-at-popular-ghaziabad-sweet-shop-video-goes-viral-article-113285880
New Metro Line To Connect North-East Delhi With Trans Hindon Area In Ghaziabad,https://www.timesnownews.com/delhi/new-metro-line-to-connect-north-east-delhi-with-trans-hindon-area-in-ghaziabad-article-113263970
Ghaziabad Hospital Owner Arrested for Blackmailing Gynaecologist With Objectionable Photos,https://www.timesnownews.com/city/ghaziabad/ghaziabad-hospital-owner-arrested-for-blackmailing-gynaecologist-with-objectionable-photos-article-113251728
Ahmedabad,https://www.timesnownews.com/city/ahmedabad
"Ahmedabad-Bhuj Vande Metro: Rs 30 For 1 Km Travel, Rs 630 For 500 kms",https://www.timesnownews.com/city/ahmedabad/ahmedabad-bhuj-vande-metro-rs-30-for-1-km-travel-rs-630-for-500-kms-article-113411770
"Ahmedabad To Gandhinagar In 45 Mins! PM Modi Flags off Metro Phase 2, Takes Ride To GIFT City",https://www.timesnownews.com/city/ahmedabad/pm-modi-flags-off-ahmedabad-gandhinagar-phase-2-metro-gift-city-ahmedabad-gandhinagar-in-45-minutes-article-113388616
"PM Modi To Flag Off Ahmedabad-Bhuj Vande Bharat Metro, Check City's Weather Forecast For Today",https://www.timesnownews.com/city/ahmedabad/pm-modi-to-flag-off-ahmedabad-bhuj-vande-bharat-metro-check-citys-weather-forecast-for-today-article-113387054
"Ahmedabad-Bhuj Vande Bharat Metro, To Be Launched By PM Modi, Renamed To 'Namo Bharat Rapid Rail'",https://www.timesnownews.com/city/ahmedabad/ahmedabad-bhuj-india-first-vande-bharat-metro-to-be-launched-by-pm-modi-renamed-to-namo-bharat-rapid-rail-article-113387638
India To Get Its First Vande Bharat Metro Between Bhuj-Ahmedabad Today; Check Schedule,https://www.timesnownews.com/city/ahmedabad/first-vande-bharat-metro-services-in-ahmedabad-gujrat-india-pm-narendra-modi-to-inaugurate-check-routes-timings-schedule-article-113380447
Chandigarh,https://www.timesnownews.com/city/chandigarh
Sensational Details Of Chandigarh Blast: Pak-Based Khalistani Wanted To Hire Youths From Poor Families,https://www.timesnownews.com/city/chandigarh/sensational-details-of-chandigarh-blast-pak-based-khalistani-wanted-to-hire-youths-from-poor-families-article-113392107
"Chandigarh Blast: 2nd Accused Held, Culprits Were Offered Rs 5 Lakh, Planned To Go To J&K After Attack",https://www.timesnownews.com/city/chandigarh/chandigarh-blast-2nd-accused-held-culprits-were-offered-rs-5-lakh-planned-to-go-jk-after-attack-article-113367670
"Chandigarh Grenade Attack's Main Perpetrator Arrested, Admits Role In Blast: Punjab Top Cop",https://www.timesnownews.com/city/chandigarh/chandigarh-grenade-attacks-main-perpetrator-arrested-admits-role-in-blast-punjab-top-cop-article-113312885
"'Tried To Catch Him', 'I Was Panicked': Owners Of Chandigarh House Where Attackers Threw Grenade",https://www.timesnownews.com/city/chandigarh/owners-of-chandigarh-house-where-attackers-threw-grenade-say-i-tried-to-catch-him-i-was-panicked-article-113300464
US-Based Gangster Claims Responsibility For Chandigarh Attack Targeting An Ex-Punjab Cop,https://www.timesnownews.com/city/chandigarh/chandigarh-grenade-attack-nikodar-killing-us-based-gangster-harpreet-singh-claims-responsibility-targeting-an-ex-punjab-cop-khalistan-terrorist-harinder-singh-rinda-article-113285610
Kochi,https://www.timesnownews.com/city/kochi
Kochi: Complete Traffic Ban At THIS Stretch From Today Due To Construction Work,https://www.timesnownews.com/city/kochi/kochi-complete-traffic-ban-at-this-stretch-from-today-due-to-construction-work-article-113418268
Kochi Metro's Fresh Record! Daily Ridership Crosses 1 Lakh Consistently During Onam Holidays,https://www.timesnownews.com/city/kochi/kochi-metros-fresh-record-daily-ridership-crosses-1-lakh-consistently-during-onam-holidays-article-113363903
"Kochi Has 95 pc Pending Cases Of Crimes Against Women, And A Worse Conviction Rate: Report",https://www.timesnownews.com/city/kochi/kochi-has-95-pc-pending-cases-of-crimes-against-women-and-a-worse-conviction-rate-article-113299216
How New Public Spaces in Fort Kochi Will Enhance Connectivity—All Details Inside,https://www.timesnownews.com/city/kochi/how-new-public-spaces-in-fort-kochi-will-enhance-connectivityall-details-inside-article-113260978
CM Pinarayi To Inaugurate Renovated Changampuzha Park In Kochi On Thursday; Check What's New,https://www.timesnownews.com/city/kochi/cm-pinarayi-to-inaugurate-renovated-changampuzha-park-in-kochi-on-thursday-check-whats-new-article-113216059
Crime,https://www.timesnownews.com/crime
"Earned Rs 33 Lakh, Spent Rs 1 Crore: Lucknow Peon Faces Probe Over Wealth ‘Mystery’",https://www.timesnownews.com/crime/earned-rs-33-lakh-spent-rs-1-crore-lucknow-peon-faces-probe-over-wealth-mystery-article-113435037
Kolkata Victim's Father Makes Big Charge Against Mamata Banerjee: 'My Daughter Would've Been Alive If...',https://www.timesnownews.com/crime/kolkata-victims-father-makes-big-charge-against-mamata-banerjee-my-daughter-wouldve-been-alive-if-article-113432885
"Nagpur Horror: 9-Year-Old Assaulted In Front of Sister, Attacker Still Missing",https://www.timesnownews.com/india/nagpur-horror-9-year-old-assaulted-in-front-of-sister-attacker-still-missing-article-113425036
"Woman 'Raped' On Expressway: Agra Cops Refuse To Register FIR Citing 'Jurisdiction', Case Filed In Lucknow After 4 Months",https://www.timesnownews.com/crime/woman-raped-on-expressway-agra-cops-refuse-to-register-fir-citing-jurisdiction-case-filed-in-lucknow-after-4-months-article-113413497
"Delhi's Gangs And Guns: Rivalry, Revenge, Violence In Prime Areas Of City Raise Safety Concerns",https://www.timesnownews.com/delhi/delhis-gangs-and-guns-rivalry-revenge-violence-in-prime-areas-of-city-raise-safety-concerns-article-113411283
1,https://www.timesnownews.com/india
2,https://www.timesnownews.com/india/page-2
3,https://www.timesnownews.com/india/page-3
4,https://www.timesnownews.com/india/page-4
5,https://www.timesnownews.com/india/page-5
6,https://www.timesnownews.com/india/page-6
7,https://www.timesnownews.com/india/page-7
8,https://www.timesnownews.com/india/page-8
9,https://www.timesnownews.com/india/page-9
100,https://www.timesnownews.com/india/page-100
>,https://www.timesnownews.com/india/page-2
news,https://www.timesnownews.com
india news,https://www.timesnownews.com/india
Latest News,https://www.timesnownews.com/latest-news
"Ganpati Visarjan: Garvita Sadhwnai, Rajan Shahi And YRKKH Team Bid Adieu To Bappa - Watch",https://www.timesnownews.com/entertainment-news/tv/ganpati-visarjan-garvita-sadhwnai-rajan-shahi-and-yeh-rishta-kya-kehlata-hai-team-bid-adieu-to-bappa-watch-article-113436868
"Ex Pakistan Star ENDS Rishabh Pant vs Mohammed Rizwan Debate, Says 'He Doesn't Score Runs When It Matters'",https://www.timesnownews.com/sports/cricket/ex-pakistan-star-ends-rishabh-pant-vs-mohammed-rizwan-debate-says-he-doesnt-score-runs-when-it-matters-article-113436187
How Did Pagers Explode In Lebanon? What We Know,https://www.timesnownews.com/world/middle-east/how-did-pagers-explode-in-lebanon-what-we-know-article-113436211
EY Pune Faces Outrage As Mother Reveals Shocking Details Of CA's Death Due To Overwork,https://www.timesnownews.com/pune/ey-pune-faces-outrage-as-mother-reveals-shocking-details-of-cas-death-due-to-overwork-article-113434689
AFG VS SA 1st ODI Live Streaming: When And Where To Watch Afghanistan vs South Africa on TV and Online In India?,https://www.timesnownews.com/sports/cricket/afg-vs-sa-1st-odi-live-streaming-when-and-where-to-watch-afghanistan-vs-south-africa-on-tv-and-online-in-india-article-113436186
Download App,/info/times-network-app
Gold Price Today,https://www.timesnownews.com/gold-rates
India vs China Hockey Score,https://www.timesnownews.com/sports/hockey/india-vs-china-hockey-live-score-updates-asian-champions-trophy-final-2024-ind-vs-chn-today-hockey-match-score-harmanpreet-singh-manpreet-singh-liveblog-113420122
Lebanon Pager Explosions,https://www.timesnownews.com/world/middle-east/massive-pager-explosions-hit-hezbollah-biggest-security-lapse-in-year-long-conflict-injuring-hundreds-article-113432201
Lunar Eclipse timing in India,https://www.timesnownews.com/technology-science/chandra-grahan-2024-when-will-september-lunar-eclipse-happen-india-visibility-timings-and-more-details-article-113413797
Arvind Kejriwal Resignation,https://www.timesnownews.com/delhi/arvind-kejriwal-quits-as-delhi-chief-minister-submits-resignation-before-lieutenant-governor-vk-saxena-article-113422562
Amitabh Bachchan,https://www.timesnownews.com/india/scam-busted-news-about-amitabh-bachchans-death-with-times-now-logo-is-fake-article-113422998
Best Adventure Bikes in India,https://www.timesdrive.in/photos/bike/best-adventure-bikes-in-india-under-5-lakhs-photo-gallery-151039331
JSSC CGL Admit Card 2024,https://www.timesnownews.com/education/jssc-cgl-admit-card-2024-today-on-jssc-nic-in-heres-how-to-check-article-113419693
Rohit Sharma,https://www.timesnownews.com/sports/cricket/rohit-sharma-press-conference-live-updates-india-vs-bangladesh-1st-test-match-series-liveblog-113419491
Upcoming Cars In India 2024,https://www.timesdrive.in/features/upcoming-cars-in-india-2024-honda-amaze-maruti-suzuki-swift-dzire-to-kia-ev9-and-more-article-151038368
Supreme Court Hearing Today,https://www.timesnownews.com/india/kolkata-doctor-rape-murder-case-liveupdates-mamata-banerjee-protesting-doctorsmeetingtoday-article-113391062
Holidays in India,https://www.timesnownews.com/indian-holiday
Fuel Price in India,https://www.timesnownews.com/fuel
Kolkata Police Commissioner,https://www.timesnownews.com/kolkata/who-is-manoj-verma-kolkatas-new-police-commissioner-replacing-vineet-goyal-article-113425321
Ashneer Grover,https://www.timesnownews.com/business-economy/companies/big-relief-for-ashneer-grover-and-wife-madhuri-jain-delhi-high-court-allows-couple-to-travel-to-uk-and-doha-article-113421729
Nagaland Lottery,https://www.timesnownews.com/viral/nagaland-state-lottery-sambad-results1pm-6pm-8pm-article-113392638
Triumph New Speed T4,https://www.timesdrive.in/bike-news/triumph-launched-new-speed-t4-and-my25-speed-400-in-india-article-151039448
Car Discounts September 2024,https://www.timesdrive.in/features/best-car-discounts-and-offers-in-september-2024-save-up-to-rs-12-lakhs-article-151038704
Who Is Atishi?,https://www.timesnownews.com/india/aap-ki-atishi-meet-new-delhi-cm-who-will-replace-arvind-kejriwal-article-113415272
Bengaluru Shocker On Cam,https://www.timesnownews.com/bengaluru/bengaluru-news-treamis-school-bus-attacked-in-bengalurus-electronic-city-miscreants-break-window-in-entry-attempt-video-article-113409477
Arvind Kejriwal Resigns,https://www.timesnownews.com/delhi/arvind-kejriwal-resignation-who-will-be-next-delhi-cm-after-kejriwal-resigns-list-of-key-candidates-in-the-race-article-113364371
Kejriwal-LG Meet,https://www.timesnownews.com/india/india-breaking-news-today-arvind-kejriwal-resignation-live-updates-delhi-chief-minister-september-17-2024-liveblog-113409082
SC Hearing Today,https://www.timesnownews.com/india/kolkata-doctor-rape-murder-case-liveupdates-mamata-banerjee-protesting-doctorsmeetingtoday-article-113391062
BTS Alternate Professions,https://www.timesnownews.com/entertainment-news/korean/bts-alternative-jobs-what-rm-jin-suga-j-hope-jimin-v-jungkook-would-have-done-if-they-didnt-become-global-icons-article-113403953
Chetan Bhagat,https://www.timesnownews.com/entertainment-news/bollywood/chetan-bhagat-recalls-meeting-shah-rukh-khan-says-he-saw-my-mom-and-picked-a-chair-for-her-article-113414309
Dalljiet Kaur,https://www.timesnownews.com/entertainment-news/tv/dalljiet-kaur-notices-new-engagement-ring-on-husband-nikhil-patel-lashes-out-in-angry-note-article-113410695
BTS' Jungkook,https://www.timesnownews.com/entertainment-news/korean/bts-jungkook-reveals-his-favourite-song-from-debut-solo-album-golden-ahead-of-i-am-still-release-article-113403104
Stree 2 Box Office Collection,https://www.timesnownews.com/entertainment-news/box-office/bollywood/stree-box-office-collection-day-33-rajkummar-rao-shraddha-kapoor-starrer-mints-a-total-of-rs-557-85-crore-article-113409974
Kareena Kapoor Khan,https://www.timesnownews.com/entertainment-news/bollywood/kareena-kapoor-khan-took-pay-cut-for-the-buckingham-murders-reveals-director-hansal-mehta-exclusive-article-113400887
Sunita Ahuja,https://www.timesnownews.com/entertainment-news/tv/govindas-wife-sunita-ahuja-says-wont-join-tkss-because-kashmera-aur-krushna-ke-sath-mera-jamta-nahin-article-113411388
NTR Devara,https://www.timesnownews.com/entertainment-news/telugu/ntr-explains-why-devara-was-made-in-two-parts-he-says-janhvi-kapoors-character-has-a-beautiful-love-story-article-113411225
Aishwarya Rai,https://www.timesnownews.com/entertainment-news/bollywood/aishwarya-rais-red-anarkali-look-from-anant-radhikas-wedding-turns-into-doll-netizens-react-article-113412288
Aditi Rao Hydari And Siddharth,https://www.timesnownews.com/entertainment-news/tamil/siddharth-sports-luxury-watch-priced-rs-37-lakh-at-his-wedding-with-aditi-rao-hydari-article-113409081
Tea Leaves Adulteration Test,https://www.timesnownews.com/lifestyle/food/news/beware-are-you-having-adulterated-tea-leaves-fssai-recommended-simple-home-test-to-find-out-article-113419184
Booker Prize 2024,https://www.timesnownews.com/lifestyle/books/features/booker-prize-2024-shortlist-is-out-women-dominate-the-list-article-113418721
PM Narendra Modi Birthday Special,https://www.timesnownews.com/health/diet/moringa-to-khichdi-desi-food-habits-of-pm-narendra-modi-that-keeps-him-fit-at-74-article-113420262
Vidya Balan,https://www.timesnownews.com/lifestyle/fashion/celeb-style/on-ms-subbulakshmis-108th-birth-anniversary-vidya-balan-pays-homage-to-singer-through-iconic-kanjeevaram-sarees-article-113414678
Pitru Paksha Shraddha,https://www.timesnownews.com/spiritual/pitru-paksha-2024-begins-today-check-shraddha-rituals-and-significance-start-date-and-time-article-113414366
Pitru Paksha 2024,https://www.timesnownews.com/lifestyle/food/news/pitru-paksha-2024-foods-to-eat-and-avoid-during-the-festival-article-113407627
National IT Professionals Day,https://www.timesnownews.com/lifestyle/events/national-it-professionals-day-wishes-messages-quotes-to-share-on-september-17-article-113398532
Lunar Eclipse 2024,https://www.timesnownews.com/health/lunar-eclipse-2024-dos-and-donts-pregnant-women-should-follow-during-chandra-grahan-article-113394747
World Patient Safety Day,https://www.timesnownews.com/health/world-patient-safety-day-2024-check-here-the-date-theme-history-and-significance-of-the-day-article-113400952
Baby Names,https://www.timesnownews.com/baby-names
About Us,https://www.timesnownews.com/info/about-us
Contact Us,https://www.timesnownews.com/info/contact-us
Advertise with us,https://www.timesnownews.com/info/advertise-with-us
Regulatory,https://www.timesnownews.com/info/regulatory
Terms & Conditions,https://www.timesnownews.com/info/terms-conditions
Privacy Policy,https://www.timesnownews.com/info/privacy-policy
Disclaimer,https://www.timesnownews.com/info/disclaimer
Complaint Redressal,https://www.timesnownews.com/info/complaint-redressal
Syndication And Partnerships,https://www.timesnownews.com/info/syndicate-our-content
